id,category,created_at,image_url,og_file_name,attributes
26bf3539-4e2f-4581-ac2f-ce414156a6a0,pinterest-girly,2026-01-18T06:15:12.061021+00:00,https://mmhrgscgfycuzykqyxvh.supabase.co/storage/v1/object/sign/pinterest_girly_shirts/oversized-tshirt-blue-jeans-posing-gray-background_89887-937.avif?token=eyJraWQiOiJzdG9yYWdlLXVybC1zaWduaW5nLWtleV80ZTIwNzU3ZS1lZjRiLTQ1YzUtYTgxMy1kOGM5MmRmOTlkMWIiLCJhbGciOiJIUzI1NiJ9.eyJ1cmwiOiJwaW50ZXJlc3RfZ2lybHlfc2hpcnRzL292ZXJzaXplZC10c2hpcnQtYmx1ZS1qZWFucy1wb3NpbmctZ3JheS1iYWNrZ3JvdW5kXzg5ODg3LTkzNy5hdmlmIiwiaWF0IjoxNzY4NzA2OTM2LCJleHAiOjMzMzA0NzA2OTM2fQ.QVTtMnBcYnPYVMYcU4Xe0C1B_4OL32k6-CGnszrZrUE,oversized-tshirt-blue-jeans-posing-gray-background_89887-937.avif,"{""type"": ""shirt"", ""gender_target"": ""female"", ""style"": ""pinterest-girly"", ""color"": ""blue"", ""fit"": ""oversized"", ""description"": ""Oversized blue tee styling.""}"
f7671eaf-ae48-4d1c-9fc9-36aea7324285,baggy,2026-01-18T06:15:12.061021+00:00,https://mmhrgscgfycuzykqyxvh.supabase.co/storage/v1/object/sign/baggy_shirts/oversized-tshirt-blue-jeans-posing-gray-background_89887-937.avif?token=eyJraWQiOiJzdG9yYWdlLXVybC1zaWduaW5nLWtleV80ZTIwNzU3ZS1lZjRiLTQ1YzUtYTgxMy1kOGM5MmRmOTlkMWIiLCJhbGciOiJIUzI1NiJ9.eyJ1cmwiOiJiYWdneV9zaGlydHMvb3ZlcnNpemVkLXRzaGlydC1ibHVlLWplYW5zLXBvc2luZy1ncmF5LWJhY2tncm91bmRfODk4ODctOTM3LmF2aWYiLCJpYXQiOjE3Njg3MDc3NTEsImV4cCI6MzMzMDQ3MDc3NTF9.8KqZ-Vt8xsjAnTgfjgFajhWLDg9uszzuSke4XxkADNM,oversized-tshirt-blue-jeans-posing-gray-background_89887-937.avif,"{""type"": ""t-shirt"", ""gender_target"": ""female"", ""style"": ""baggy"", ""color"": ""white"", ""fit"": ""oversized"", ""description"": ""Womens white baggy tee.""}"
56dcf4d6-ebc6-4a6e-a59e-1355e43522c1,ted-talk,2026-01-18T06:15:12.061021+00:00,https://mmhrgscgfycuzykqyxvh.supabase.co/storage/v1/object/sign/ted_talk_pants/0b2d2ce8d5e4308b9a68f3551cfa1a28.webp?token=eyJraWQiOiJzdG9yYWdlLXVybC1zaWduaW5nLWtleV80ZTIwNzU3ZS1lZjRiLTQ1YzUtYTgxMy1kOGM5MmRmOTlkMWIiLCJhbGciOiJIUzI1NiJ9.eyJ1cmwiOiJ0ZWRfdGFsa19wYW50cy8wYjJkMmNlOGQ1ZTQzMDhiOWE2OGYzNTUxY2ZhMWEyOC53ZWJwIiwiaWF0IjoxNzY4Njk4OTAzLCJleHAiOjQ5MjIyOTg5MDN9.zyj2c064vRGIJao1-MZnUNpyQu1G1uDPmZbrKmCfcQA,0b2d2ce8d5e4308b9a68f3551cfa1a28.webp,"{""type"": ""pants"", ""gender_target"": ""unisex"", ""style"": ""baggy"", ""color"": ""black"", ""fit"": ""wide"", ""description"": ""Black wide leg baggy pants.""}"
0d6da388-8e32-49f5-8b79-681ca0639510,ted-talk,2026-01-18T06:15:12.061021+00:00,https://mmhrgscgfycuzykqyxvh.supabase.co/storage/v1/object/sign/ted_talk_pants/104731_0_44.jpg?token=eyJraWQiOiJzdG9yYWdlLXVybC1zaWduaW5nLWtleV80ZTIwNzU3ZS1lZjRiLTQ1YzUtYTgxMy1kOGM5MmRmOTlkMWIiLCJhbGciOiJIUzI1NiJ9.eyJ1cmwiOiJ0ZWRfdGFsa19wYW50cy8xMDQ3MzFfMF80NC5qcGciLCJpYXQiOjE3Njg2OTg5NDUsImV4cCI6NDkyMjI5ODk0NX0.NWzLa4wo9hcvNM40tt_Gh7QpqwgWCHmRgYqmOjBpe00,104731_0_44.jpg,"{""type"": ""pants"", ""gender_target"": ""male"", ""style"": ""casual"", ""color"": ""khaki"", ""fit"": ""regular"", ""description"": ""Classic khaki chinos.""}"
7b89a009-f875-4bcd-a9ee-f7f8d87a5098,ted-talk,2026-01-18T06:15:12.061021+00:00,https://mmhrgscgfycuzykqyxvh.supabase.co/storage/v1/object/sign/ted_talk_pants/108272456c0f66b63dff35ebb72d38efb0c28c40_CNC1970_5_light_blue_wash_low_rise_wide_leg_jeans.avif?token=eyJraWQiOiJzdG9yYWdlLXVybC1zaWduaW5nLWtleV80ZTIwNzU3ZS1lZjRiLTQ1YzUtYTgxMy1kOGM5MmRmOTlkMWIiLCJhbGciOiJIUzI1NiJ9.eyJ1cmwiOiJ0ZWRfdGFsa19wYW50cy8xMDgyNzI0NTZjMGY2NmI2M2RmZjM1ZWJiNzJkMzhlZmIwYzI4YzQwX0NOQzE5NzBfNV9saWdodF9ibHVlX3dhc2hfbG93X3Jpc2Vfd2lkZV9sZWdfamVhbnMuYXZpZiIsImlhdCI6MTc2ODY5OTAwMywiZXhwIjo0OTIyMjk5MDAzfQ.0hNZQ2BxBOAVrCNEnfXn7KKZcx5AI093itMoU5idqfc,108272456c0f66b63dff35ebb72d38efb0c28c40_CNC1970_5_light_blue_wash_low_rise_wide_leg_jeans.avif,"{""type"": ""jeans"", ""gender_target"": ""female"", ""style"": ""trendy"", ""color"": ""blue"", ""fit"": ""wide"", ""description"": ""Light wash wide leg jeans.""}"
04bc5907-dcb7-4188-bd5d-e60b596a6049,ted-talk,2026-01-18T06:15:12.061021+00:00,https://mmhrgscgfycuzykqyxvh.supabase.co/storage/v1/object/sign/ted_talk_pants/1736527960-untitled-3-67815035563fa.avif?token=eyJraWQiOiJzdG9yYWdlLXVybC1zaWduaW5nLWtleV80ZTIwNzU3ZS1lZjRiLTQ1YzUtYTgxMy1kOGM5MmRmOTlkMWIiLCJhbGciOiJIUzI1NiJ9.eyJ1cmwiOiJ0ZWRfdGFsa19wYW50cy8xNzM2NTI3OTYwLXVudGl0bGVkLTMtNjc4MTUwMzU1NjNmYS5hdmlmIiwiaWF0IjoxNzY4Njk5MDI5LCJleHAiOjQ5MjIyOTkwMjl9.mQN0imbkXt5F4z09RvCTGSUIg6PJCwq__chCNdrCSeE,1736527960-untitled-3-67815035563fa.avif,"{""type"": ""pants"", ""gender_target"": ""unisex"", ""style"": ""casual"", ""color"": ""black"", ""fit"": ""regular"", ""description"": ""Black everyday trousers.""}"
f43fcf9f-ba0c-4b83-994c-35be16b33bba,ted-talk,2026-01-18T06:15:12.061021+00:00,https://mmhrgscgfycuzykqyxvh.supabase.co/storage/v1/object/sign/ted_talk_pants/812bb863-0dc8-471b-93dd-021699f95cbc.176b3b175540c6ddce1d9eeb2d97bca0.webp?token=eyJraWQiOiJzdG9yYWdlLXVybC1zaWduaW5nLWtleV80ZTIwNzU3ZS1lZjRiLTQ1YzUtYTgxMy1kOGM5MmRmOTlkMWIiLCJhbGciOiJIUzI1NiJ9.eyJ1cmwiOiJ0ZWRfdGFsa19wYW50cy84MTJiYjg2My0wZGM4LTQ3MWItOTNkZC0wMjE2OTlmOTVjYmMuMTc2YjNiMTc1NTQwYzZkZGNlMWQ5ZWViMmQ5N2JjYTAud2VicCIsImlhdCI6MTc2ODY5OTA1OSwiZXhwIjo0OTIyMjk5MDU5fQ.qFEtF5TiJsIXvxvjORfyFZJCovo06KK-wBi-zY7GkIA,812bb863-0dc8-471b-93dd-021699f95cbc.176b3b175540c6ddce1d9eeb2d97bca0.webp,"{""type"": ""pants"", ""gender_target"": ""male"", ""style"": ""formal"", ""color"": ""grey"", ""fit"": ""slim"", ""description"": ""Grey formal dress pants.""}"
7a51f9f5-9914-4904-a269-00af088cafa2,ted-talk,2026-01-18T06:15:12.061021+00:00,https://mmhrgscgfycuzykqyxvh.supabase.co/storage/v1/object/sign/ted_talk_pants/BW-5313-300-8698_black_1800x.webp?token=eyJraWQiOiJzdG9yYWdlLXVybC1zaWduaW5nLWtleV80ZTIwNzU3ZS1lZjRiLTQ1YzUtYTgxMy1kOGM5MmRmOTlkMWIiLCJhbGciOiJIUzI1NiJ9.eyJ1cmwiOiJ0ZWRfdGFsa19wYW50cy9CVy01MzEzLTMwMC04Njk4X2JsYWNrXzE4MDB4LndlYnAiLCJpYXQiOjE3Njg2OTkwNzQsImV4cCI6NDkyMjI5OTA3NH0.gbtkHGzmBsDm9x5PlIHGIAgshUsusx7PiZlfOyyRZ0o,BW-5313-300-8698_black_1800x.webp,"{""type"": ""pants"", ""gender_target"": ""male"", ""style"": ""smart-casual"", ""color"": ""black"", ""fit"": ""slim"", ""description"": ""Black slim fit chinos.""}"
e8f97987-f390-4de1-98e1-782f528700ef,ted-talk,2026-01-18T06:15:12.061021+00:00,https://mmhrgscgfycuzykqyxvh.supabase.co/storage/v1/object/sign/ted_talk_pants/BW-5313-300-8698_grey_1800x.webp?token=eyJraWQiOiJzdG9yYWdlLXVybC1zaWduaW5nLWtleV80ZTIwNzU3ZS1lZjRiLTQ1YzUtYTgxMy1kOGM5MmRmOTlkMWIiLCJhbGciOiJIUzI1NiJ9.eyJ1cmwiOiJ0ZWRfdGFsa19wYW50cy9CVy01MzEzLTMwMC04Njk4X2dyZXlfMTgwMHgud2VicCIsImlhdCI6MTc2ODY5OTE0NywiZXhwIjo0OTIyMjk5MTQ3fQ.MUiJqkbsGdNyMYZV97iS70h462tuLoHSv9LjRWqof3Q,BW-5313-300-8698_grey_1800x.webp,"{""type"": ""pants"", ""gender_target"": ""male"", ""style"": ""smart-casual"", ""color"": ""grey"", ""fit"": ""slim"", ""description"": ""Grey slim fit chinos.""}"
9d1248cd-3188-4c72-9b35-b5daebc3e807,ted-talk,2026-01-18T06:15:12.061021+00:00,https://mmhrgscgfycuzykqyxvh.supabase.co/storage/v1/object/sign/ted_talk_pants/C43227s2.webp?token=eyJraWQiOiJzdG9yYWdlLXVybC1zaWduaW5nLWtleV80ZTIwNzU3ZS1lZjRiLTQ1YzUtYTgxMy1kOGM5MmRmOTlkMWIiLCJhbGciOiJIUzI1NiJ9.eyJ1cmwiOiJ0ZWRfdGFsa19wYW50cy9DNDMyMjdzMi53ZWJwIiwiaWF0IjoxNzY4Njk5MTczLCJleHAiOjQ5MjIyOTkxNzN9.W7adu9b0LrhTWYX_ve6qekdZiViP-ePDIXVsadX3DNU,C43227s2.webp,"{""type"": ""pants"", ""gender_target"": ""male"", ""style"": ""casual"", ""color"": ""olive"", ""fit"": ""regular"", ""description"": ""Olive green casual pants.""}"
85aecb6c-cd84-4085-8bef-3b0881941131,ted-talk,2026-01-18T06:15:12.061021+00:00,https://mmhrgscgfycuzykqyxvh.supabase.co/storage/v1/object/sign/ted_talk_pants/edb7e5c52f8920dd7aee798e161082c73a1698c6_3010332_0682_010_F1.webp?token=eyJraWQiOiJzdG9yYWdlLXVybC1zaWduaW5nLWtleV80ZTIwNzU3ZS1lZjRiLTQ1YzUtYTgxMy1kOGM5MmRmOTlkMWIiLCJhbGciOiJIUzI1NiJ9.eyJ1cmwiOiJ0ZWRfdGFsa19wYW50cy9lZGI3ZTVjNTJmODkyMGRkN2FlZTc5OGUxNjEwODJjNzNhMTY5OGM2XzMwMTAzMzJfMDY4Ml8wMTBfRjEud2VicCIsImlhdCI6MTc2ODY5OTE5MiwiZXhwIjo0OTIyMjk5MTkyfQ.mI472TCAUw7Kxavas4Sh9Vq8y5ZxfaXW1QtLHF3w0LQ,edb7e5c52f8920dd7aee798e161082c73a1698c6_3010332_0682_010_F1.webp,"{""type"": ""pants"", ""gender_target"": ""male"", ""style"": ""casual"", ""color"": ""beige"", ""fit"": ""regular"", ""description"": ""Beige casual slacks.""}"
d1ecb8d9-1409-457b-ac4a-51d77fe24c0c,ted-talk,2026-01-18T06:15:12.061021+00:00,https://mmhrgscgfycuzykqyxvh.supabase.co/storage/v1/object/sign/ted_talk_pants/images.jpg?token=eyJraWQiOiJzdG9yYWdlLXVybC1zaWduaW5nLWtleV80ZTIwNzU3ZS1lZjRiLTQ1YzUtYTgxMy1kOGM5MmRmOTlkMWIiLCJhbGciOiJIUzI1NiJ9.eyJ1cmwiOiJ0ZWRfdGFsa19wYW50cy9pbWFnZXMuanBnIiwiaWF0IjoxNzY4Njk5MjEyLCJleHAiOjQ5MjIyOTkyMTJ9.Ysm_n3YPHRCRoc50k5VjKrA2hsMSuuPUQqcQD2SZlZ8,images.jpg,"{""type"": ""jeans"", ""gender_target"": ""male"", ""style"": ""casual"", ""color"": ""blue"", ""fit"": ""straight"", ""description"": ""Blue straight leg jeans.""}"
35f8004b-6e72-4f0e-8851-541cbbc89f20,ted-talk,2026-01-18T06:15:12.061021+00:00,https://mmhrgscgfycuzykqyxvh.supabase.co/storage/v1/object/sign/ted_talk_pants/KIC_155-4247-0173-278_prod1.avif?token=eyJraWQiOiJzdG9yYWdlLXVybC1zaWduaW5nLWtleV80ZTIwNzU3ZS1lZjRiLTQ1YzUtYTgxMy1kOGM5MmRmOTlkMWIiLCJhbGciOiJIUzI1NiJ9.eyJ1cmwiOiJ0ZWRfdGFsa19wYW50cy9LSUNfMTU1LTQyNDctMDE3My0yNzhfcHJvZDEuYXZpZiIsImlhdCI6MTc2ODY5OTI2NCwiZXhwIjo0OTIyMjk5MjY0fQ.ooR8nLxu6PPPk6Ji1tUmifA8mvp8j7aLUzpKaqI1ue8,KIC_155-4247-0173-278_prod1.avif,"{""type"": ""pants"", ""gender_target"": ""male"", ""style"": ""smart-casual"", ""color"": ""navy"", ""fit"": ""slim"", ""description"": ""Navy chinos.""}"
5940621e-f15a-415d-b9d2-4051e24b1a7e,ted-talk,2026-01-18T06:15:12.061021+00:00,https://mmhrgscgfycuzykqyxvh.supabase.co/storage/v1/object/sign/ted_talk_pants/s-l1200.jpg?token=eyJraWQiOiJzdG9yYWdlLXVybC1zaWduaW5nLWtleV80ZTIwNzU3ZS1lZjRiLTQ1YzUtYTgxMy1kOGM5MmRmOTlkMWIiLCJhbGciOiJIUzI1NiJ9.eyJ1cmwiOiJ0ZWRfdGFsa19wYW50cy9zLWwxMjAwLmpwZyIsImlhdCI6MTc2ODY5OTI4OSwiZXhwIjo0OTIyMjk5Mjg5fQ.I-cIxNRC7Xf-6cRu5qMIxcincqlg9Z11UN6dMRoLl7w,s-l1200.jpg,"{""type"": ""pants"", ""gender_target"": ""male"", ""style"": ""formal"", ""color"": ""black"", ""fit"": ""regular"", ""description"": ""Black formal trousers.""}"
2509cd9f-5aa4-4106-8db4-f426b2bc9d65,ted-talk,2026-01-18T06:15:12.061021+00:00,https://mmhrgscgfycuzykqyxvh.supabase.co/storage/v1/object/sign/ted_talk_pants/TT-5118-976-9015_lightgrey_1800x.webp?token=eyJraWQiOiJzdG9yYWdlLXVybC1zaWduaW5nLWtleV80ZTIwNzU3ZS1lZjRiLTQ1YzUtYTgxMy1kOGM5MmRmOTlkMWIiLCJhbGciOiJIUzI1NiJ9.eyJ1cmwiOiJ0ZWRfdGFsa19wYW50cy9UVC01MTE4LTk3Ni05MDE1X2xpZ2h0Z3JleV8xODAweC53ZWJwIiwiaWF0IjoxNzY4Njk5MzExLCJleHAiOjQ5MjIyOTkzMTF9.tiCPgtZMciFAeoqe69VuGPDH_TOtZLZvNAqkJ_RJoFk,TT-5118-976-9015_lightgrey_1800x.webp,"{""type"": ""pants"", ""gender_target"": ""male"", ""style"": ""casual"", ""color"": ""light grey"", ""fit"": ""regular"", ""description"": ""Light grey performance pants.""}"
e41ee62d-cea8-46d0-a7f5-ce07edbc471e,techwear,2026-01-18T06:15:12.061021+00:00,https://mmhrgscgfycuzykqyxvh.supabase.co/storage/v1/object/sign/techwear_pants/1_8b238080-5227-4a94-852a-12ec8baa016d.webp?token=eyJraWQiOiJzdG9yYWdlLXVybC1zaWduaW5nLWtleV80ZTIwNzU3ZS1lZjRiLTQ1YzUtYTgxMy1kOGM5MmRmOTlkMWIiLCJhbGciOiJIUzI1NiJ9.eyJ1cmwiOiJ0ZWNod2Vhcl9wYW50cy8xXzhiMjM4MDgwLTUyMjctNGE5NC04NTJhLTEyZWM4YmFhMDE2ZC53ZWJwIiwiaWF0IjoxNzY4NzAyMTk5LCJleHAiOjMzMzA0NzAyMTk5fQ.0AVc-rJ4F03bgfZmXuaX3hL8_WjhN4ce7x93OJDxbXw,1_8b238080-5227-4a94-852a-12ec8baa016d.webp,"{""type"": ""pants"", ""gender_target"": ""male"", ""style"": ""techwear"", ""color"": ""black"", ""details"": [""cargo""], ""description"": ""Black techwear cargo pants.""}"
186fa4e0-101b-4110-8bcc-179d649d7585,techwear,2026-01-18T06:15:12.061021+00:00,https://mmhrgscgfycuzykqyxvh.supabase.co/storage/v1/object/sign/techwear_pants/61MIgzTOxoL._AC_UY1000_.jpg?token=eyJraWQiOiJzdG9yYWdlLXVybC1zaWduaW5nLWtleV80ZTIwNzU3ZS1lZjRiLTQ1YzUtYTgxMy1kOGM5MmRmOTlkMWIiLCJhbGciOiJIUzI1NiJ9.eyJ1cmwiOiJ0ZWNod2Vhcl9wYW50cy82MU1JZ3pUT3hvTC5fQUNfVVkxMDAwXy5qcGciLCJpYXQiOjE3Njg3MDIxOTAsImV4cCI6MzMzMDQ3MDIxOTB9.BVxkVq_ahVEik7L_RFYiHSGw8Xgm6XUmBVsnmR2eLz4,61MIgzTOxoL._AC_UY1000_.jpg,"{""type"": ""pants"", ""gender_target"": ""male"", ""style"": ""techwear"", ""color"": ""black"", ""details"": [""straps""], ""description"": ""Black strap detail cargo pants.""}"
a90e8082-33e6-4e51-bb0c-6cf4242652e1,techwear,2026-01-18T06:15:12.061021+00:00,https://mmhrgscgfycuzykqyxvh.supabase.co/storage/v1/object/sign/techwear_pants/pantalon-techwear-Kigiri-05.webp?token=eyJraWQiOiJzdG9yYWdlLXVybC1zaWduaW5nLWtleV80ZTIwNzU3ZS1lZjRiLTQ1YzUtYTgxMy1kOGM5MmRmOTlkMWIiLCJhbGciOiJIUzI1NiJ9.eyJ1cmwiOiJ0ZWNod2Vhcl9wYW50cy9wYW50YWxvbi10ZWNod2Vhci1LaWdpcmktMDUud2VicCIsImlhdCI6MTc2ODcwMjIxNywiZXhwIjozMzMwNDcwMjIxN30.KUWVYHP4upWsx3IFchpfEvsRCidVWo885iHJNJrh0f4,pantalon-techwear-Kigiri-05.webp,"{""type"": ""pants"", ""gender_target"": ""male"", ""style"": ""techwear"", ""color"": ""black"", ""fit"": ""tapered"", ""description"": ""Black tapered techwear pants.""}"
4db7944a-1ce7-4227-a481-2d91ba4e5529,techwear,2026-01-18T06:15:12.061021+00:00,https://mmhrgscgfycuzykqyxvh.supabase.co/storage/v1/object/sign/techwear_pants/Ski-Wear-Camouflage-Fleece-Lined-Snowboard-Pants_5.webp?token=eyJraWQiOiJzdG9yYWdlLXVybC1zaWduaW5nLWtleV80ZTIwNzU3ZS1lZjRiLTQ1YzUtYTgxMy1kOGM5MmRmOTlkMWIiLCJhbGciOiJIUzI1NiJ9.eyJ1cmwiOiJ0ZWNod2Vhcl9wYW50cy9Ta2ktV2Vhci1DYW1vdWZsYWdlLUZsZWVjZS1MaW5lZC1Tbm93Ym9hcmQtUGFudHNfNS53ZWJwIiwiaWF0IjoxNzY4NzAyMjI1LCJleHAiOjMzMzA0NzAyMjI1fQ.3AVN54tM_bmmOpJW7s06Fy5o2tc0GyfetRtgCHyyNIM,Ski-Wear-Camouflage-Fleece-Lined-Snowboard-Pants_5.webp,"{""type"": ""pants"", ""gender_target"": ""male"", ""style"": ""techwear"", ""color"": ""camo"", ""pattern"": ""camo"", ""description"": ""Camo techwear snowboard pants.""}"
dd556137-367e-4b40-aaa7-6cfec0300354,techwear,2026-01-18T06:15:12.061021+00:00,https://mmhrgscgfycuzykqyxvh.supabase.co/storage/v1/object/sign/techwear_pants/techwearstorm-techwear-outfit-02.webp?token=eyJraWQiOiJzdG9yYWdlLXVybC1zaWduaW5nLWtleV80ZTIwNzU3ZS1lZjRiLTQ1YzUtYTgxMy1kOGM5MmRmOTlkMWIiLCJhbGciOiJIUzI1NiJ9.eyJ1cmwiOiJ0ZWNod2Vhcl9wYW50cy90ZWNod2VhcnN0b3JtLXRlY2h3ZWFyLW91dGZpdC0wMi53ZWJwIiwiaWF0IjoxNzY4NzAyMjMzLCJleHAiOjMzMzA0NzAyMjMzfQ.B7D1rpLRrq-Bj_wXy47nti-SNx2UqCfmVguTTXUM9_Q,techwearstorm-techwear-outfit-02.webp,"{""type"": ""pants"", ""gender_target"": ""male"", ""style"": ""techwear"", ""color"": ""black"", ""fit"": ""jogger"", ""description"": ""Black techwear joggers.""}"
8d877bbb-8c07-40cd-95e9-d352350d3f5e,tech-bro,2026-01-18T06:15:12.061021+00:00,https://mmhrgscgfycuzykqyxvh.supabase.co/storage/v1/object/sign/tech_bro_pants/112359183-HERO.webp?token=eyJraWQiOiJzdG9yYWdlLXVybC1zaWduaW5nLWtleV80ZTIwNzU3ZS1lZjRiLTQ1YzUtYTgxMy1kOGM5MmRmOTlkMWIiLCJhbGciOiJIUzI1NiJ9.eyJ1cmwiOiJ0ZWNoX2Jyb19wYW50cy8xMTIzNTkxODMtSEVSTy53ZWJwIiwiaWF0IjoxNzY4NzAyMzQ2LCJleHAiOjMzMzA0NzAyMzQ2fQ.049VO0jznVmoj6AgtQFFqCZsZys57wrjgQmgeLSWjZU,112359183-HERO.webp,"{""type"": ""pants"", ""gender_target"": ""male"", ""style"": ""tech-bro"", ""color"": ""khaki"", ""fit"": ""slim"", ""description"": ""Slim fit khaki tech chinos.""}"
e7a4c20a-4fc8-46f9-a191-ceb67d6b81d2,tech-bro,2026-01-18T06:15:12.061021+00:00,https://mmhrgscgfycuzykqyxvh.supabase.co/storage/v1/object/sign/tech_bro_pants/505026_33335_41.jpg?token=eyJraWQiOiJzdG9yYWdlLXVybC1zaWduaW5nLWtleV80ZTIwNzU3ZS1lZjRiLTQ1YzUtYTgxMy1kOGM5MmRmOTlkMWIiLCJhbGciOiJIUzI1NiJ9.eyJ1cmwiOiJ0ZWNoX2Jyb19wYW50cy81MDUwMjZfMzMzMzVfNDEuanBnIiwiaWF0IjoxNzY4NzAyMzU2LCJleHAiOjMzMzA0NzAyMzU2fQ.a2OMLysemnMpK8Bnw5w2JZISNBz4iXiw8AHBsoutVY0,505026_33335_41.jpg,"{""type"": ""jeans"", ""gender_target"": ""male"", ""style"": ""tech-bro"", ""color"": ""blue"", ""fit"": ""regular"", ""description"": ""Dark wash regular fit jeans.""}"
169cb0a6-5d94-42ec-ba36-55f0415499f1,tech-bro,2026-01-18T06:15:12.061021+00:00,https://mmhrgscgfycuzykqyxvh.supabase.co/storage/v1/object/sign/tech_bro_pants/683667s.webp?token=eyJraWQiOiJzdG9yYWdlLXVybC1zaWduaW5nLWtleV80ZTIwNzU3ZS1lZjRiLTQ1YzUtYTgxMy1kOGM5MmRmOTlkMWIiLCJhbGciOiJIUzI1NiJ9.eyJ1cmwiOiJ0ZWNoX2Jyb19wYW50cy82ODM2NjdzLndlYnAiLCJpYXQiOjE3Njg3MDIzNjYsImV4cCI6MzMzMDQ3MDIzNjZ9.J4kzDIAT--f2fypOIdGSE1R-isjTK7VyfdnWc9IxgW0,683667s.webp,"{""type"": ""pants"", ""gender_target"": ""male"", ""style"": ""tech-bro"", ""color"": ""grey"", ""fit"": ""slim"", ""description"": ""Grey commuter pants.""}"
13e669eb-aab0-4fed-baf2-c7689296a152,tech-bro,2026-01-18T06:15:12.061021+00:00,https://mmhrgscgfycuzykqyxvh.supabase.co/storage/v1/object/sign/tech_bro_pants/817NLJ6PWgL._AC_UY1000_.jpg?token=eyJraWQiOiJzdG9yYWdlLXVybC1zaWduaW5nLWtleV80ZTIwNzU3ZS1lZjRiLTQ1YzUtYTgxMy1kOGM5MmRmOTlkMWIiLCJhbGciOiJIUzI1NiJ9.eyJ1cmwiOiJ0ZWNoX2Jyb19wYW50cy84MTdOTEo2UFdnTC5fQUNfVVkxMDAwXy5qcGciLCJpYXQiOjE3Njg3MDIzNzQsImV4cCI6MzMzMDQ3MDIzNzR9.9EYnAB9bDRSbG8Erkv7CthS9QvEGBEcDM63iuRT0l38,817NLJ6PWgL._AC_UY1000_.jpg,"{""type"": ""pants"", ""gender_target"": ""male"", ""style"": ""tech-bro"", ""color"": ""olive"", ""fit"": ""regular"", ""description"": ""Olive green utility pants.""}"
310d1d06-55e9-4bca-b039-fd53315dca32,tech-bro,2026-01-18T06:15:12.061021+00:00,https://mmhrgscgfycuzykqyxvh.supabase.co/storage/v1/object/sign/tech_bro_pants/92c7bd5b-0b08-4c2f-bed7-eaca9db704b6.edd482aca754aee9f3f605c22a8ec42a.webp?token=eyJraWQiOiJzdG9yYWdlLXVybC1zaWduaW5nLWtleV80ZTIwNzU3ZS1lZjRiLTQ1YzUtYTgxMy1kOGM5MmRmOTlkMWIiLCJhbGciOiJIUzI1NiJ9.eyJ1cmwiOiJ0ZWNoX2Jyb19wYW50cy85MmM3YmQ1Yi0wYjA4LTRjMmYtYmVkNy1lYWNhOWRiNzA0YjYuZWRkNDgyYWNhNzU0YWVlOWYzZjYwNWMyMmE4ZWM0MmEud2VicCIsImlhdCI6MTc2ODcwMjM4NiwiZXhwIjozMzMwNDcwMjM4Nn0.c-EOrtK7AVjvAaX0v0av8OU4pC1cVZov80PqAXlYgnA,92c7bd5b-0b08-4c2f-bed7-eaca9db704b6.edd482aca754aee9f3f605c22a8ec42a.webp,"{""type"": ""pants"", ""gender_target"": ""male"", ""style"": ""tech-bro"", ""color"": ""navy"", ""fit"": ""slim"", ""description"": ""Navy tech fabric pants.""}"
6f19c22a-b089-413e-8bbf-52d94fbfb1ef,tech-bro,2026-01-18T06:15:12.061021+00:00,https://mmhrgscgfycuzykqyxvh.supabase.co/storage/v1/object/sign/tech_bro_pants/images.jpg?token=eyJraWQiOiJzdG9yYWdlLXVybC1zaWduaW5nLWtleV80ZTIwNzU3ZS1lZjRiLTQ1YzUtYTgxMy1kOGM5MmRmOTlkMWIiLCJhbGciOiJIUzI1NiJ9.eyJ1cmwiOiJ0ZWNoX2Jyb19wYW50cy9pbWFnZXMuanBnIiwiaWF0IjoxNzY4NzAyMzk1LCJleHAiOjMzMzA0NzAyMzk1fQ.tt1bID11rdo0CkmEACNZTOsfqlNoOLD24IeGRcWQ_ts,images.jpg,"{""type"": ""pants"", ""gender_target"": ""male"", ""style"": ""tech-bro"", ""color"": ""black"", ""fit"": ""regular"", ""description"": ""Black everyday chinos.""}"
cddfe978-5498-4a51-a9d2-7286dac284a6,tech-bro,2026-01-18T06:15:12.061021+00:00,https://mmhrgscgfycuzykqyxvh.supabase.co/storage/v1/object/sign/tech_bro_pants/mediahub.boohoo.webp?token=eyJraWQiOiJzdG9yYWdlLXVybC1zaWduaW5nLWtleV80ZTIwNzU3ZS1lZjRiLTQ1YzUtYTgxMy1kOGM5MmRmOTlkMWIiLCJhbGciOiJIUzI1NiJ9.eyJ1cmwiOiJ0ZWNoX2Jyb19wYW50cy9tZWRpYWh1Yi5ib29ob28ud2VicCIsImlhdCI6MTc2ODcwMjQwMywiZXhwIjozMzMwNDcwMjQwM30.dxu8u9Hbyr6STGvr2D31nfiqbusqNL4KYBHDYz41ei0,mediahub.boohoo.webp,"{""type"": ""pants"", ""gender_target"": ""male"", ""style"": ""tech-bro"", ""color"": ""grey"", ""fit"": ""jogger"", ""description"": ""Grey tailored joggers.""}"
574e2744-37d7-4bad-bffa-652c318805bd,tech-bro,2026-01-18T06:15:12.061021+00:00,https://mmhrgscgfycuzykqyxvh.supabase.co/storage/v1/object/sign/tech_bro_pants/mens-future-cargo-light-M2338001-BLK-1_1080x.webp?token=eyJraWQiOiJzdG9yYWdlLXVybC1zaWduaW5nLWtleV80ZTIwNzU3ZS1lZjRiLTQ1YzUtYTgxMy1kOGM5MmRmOTlkMWIiLCJhbGciOiJIUzI1NiJ9.eyJ1cmwiOiJ0ZWNoX2Jyb19wYW50cy9tZW5zLWZ1dHVyZS1jYXJnby1saWdodC1NMjMzODAwMS1CTEstMV8xMDgweC53ZWJwIiwiaWF0IjoxNzY4NzAyNDEwLCJleHAiOjMzMzA0NzAyNDEwfQ.Sj8-iQWoKZpyHLLB0euqwZgny6bnKll1sQPPNoZ8U_c,mens-future-cargo-light-M2338001-BLK-1_1080x.webp,"{""type"": ""pants"", ""gender_target"": ""male"", ""style"": ""tech-bro"", ""color"": ""black"", ""details"": [""cargo""], ""description"": ""Black modern cargo pants.""}"
09a0dcb8-797f-4ecf-bd52-50c7140cfba2,tech-bro,2026-01-18T06:15:12.061021+00:00,https://mmhrgscgfycuzykqyxvh.supabase.co/storage/v1/object/sign/tech_bro_pants/SOTTFUGITIVECARGOPANTJETBLACK_1443_1600x.webp?token=eyJraWQiOiJzdG9yYWdlLXVybC1zaWduaW5nLWtleV80ZTIwNzU3ZS1lZjRiLTQ1YzUtYTgxMy1kOGM5MmRmOTlkMWIiLCJhbGciOiJIUzI1NiJ9.eyJ1cmwiOiJ0ZWNoX2Jyb19wYW50cy9TT1RURlVHSVRJVkVDQVJHT1BBTlRKRVRCTEFDS18xNDQzXzE2MDB4LndlYnAiLCJpYXQiOjE3Njg3MDI0MTgsImV4cCI6MzMzMDQ3MDI0MTh9.UU9rlhv3_L_KF2sh2OCyfAiVNsBkZ2aymUIkMCkUOQk,SOTTFUGITIVECARGOPANTJETBLACK_1443_1600x.webp,"{""type"": ""pants"", ""gender_target"": ""male"", ""style"": ""tech-bro"", ""color"": ""black"", ""fit"": ""tapered"", ""description"": ""Black tapered cargo pants.""}"
d3dba57c-dd80-41c2-b1aa-f090e0e265d8,tech-bro,2026-01-18T06:15:12.061021+00:00,https://mmhrgscgfycuzykqyxvh.supabase.co/storage/v1/object/sign/tech_bro_pants/unnamed_25_700x.webp?token=eyJraWQiOiJzdG9yYWdlLXVybC1zaWduaW5nLWtleV80ZTIwNzU3ZS1lZjRiLTQ1YzUtYTgxMy1kOGM5MmRmOTlkMWIiLCJhbGciOiJIUzI1NiJ9.eyJ1cmwiOiJ0ZWNoX2Jyb19wYW50cy91bm5hbWVkXzI1XzcwMHgud2VicCIsImlhdCI6MTc2ODcwMjQyNiwiZXhwIjozMzMwNDcwMjQyNn0.epA8eCpBdRcY9jTWaXxow1CYU085gIHqGxSf4BPyimc,unnamed_25_700x.webp,"{""type"": ""pants"", ""gender_target"": ""male"", ""style"": ""tech-bro"", ""color"": ""beige"", ""fit"": ""regular"", ""description"": ""Beige commuter trousers.""}"
3b18557b-ba93-4ca2-a68b-b8d6ec154f2d,teacher,2026-01-18T06:15:12.061021+00:00,https://mmhrgscgfycuzykqyxvh.supabase.co/storage/v1/object/sign/teacher_pants/31loCtSh7fL.jpg?token=eyJraWQiOiJzdG9yYWdlLXVybC1zaWduaW5nLWtleV80ZTIwNzU3ZS1lZjRiLTQ1YzUtYTgxMy1kOGM5MmRmOTlkMWIiLCJhbGciOiJIUzI1NiJ9.eyJ1cmwiOiJ0ZWFjaGVyX3BhbnRzLzMxbG9DdFNoN2ZMLmpwZyIsImlhdCI6MTc2ODcwMjU0NywiZXhwIjozMzMwNDcwMjU0N30.CJtLP5S9CBkUlin_yFGVwqRTQ9Kry-7R2KmAXie-g2w,31loCtSh7fL.jpg,"{""type"": ""pants"", ""gender_target"": ""female"", ""style"": ""teacher"", ""color"": ""black"", ""fit"": ""straight"", ""description"": ""Black straight leg slacks.""}"
bf2f9cf9-8da0-488a-9d79-8485c32f9e95,teacher,2026-01-18T06:15:12.061021+00:00,https://mmhrgscgfycuzykqyxvh.supabase.co/storage/v1/object/sign/teacher_pants/5a38189e-56be-4492-b861-7e99741aeff8.fd5eed1b4f6246e7af69b5cd5cba8d57.webp?token=eyJraWQiOiJzdG9yYWdlLXVybC1zaWduaW5nLWtleV80ZTIwNzU3ZS1lZjRiLTQ1YzUtYTgxMy1kOGM5MmRmOTlkMWIiLCJhbGciOiJIUzI1NiJ9.eyJ1cmwiOiJ0ZWFjaGVyX3BhbnRzLzVhMzgxODllLTU2YmUtNDQ5Mi1iODYxLTdlOTk3NDFhZWZmOC5mZDVlZWQxYjRmNjI0NmU3YWY2OWI1Y2Q1Y2JhOGQ1Ny53ZWJwIiwiaWF0IjoxNzY4NzAyNTU2LCJleHAiOjMzMzA0NzAyNTU2fQ.11RSt6Yf-kNrovYZZ-QfHBwnvFuN5yIlUxvy5_JnxWE,5a38189e-56be-4492-b861-7e99741aeff8.fd5eed1b4f6246e7af69b5cd5cba8d57.webp,"{""type"": ""pants"", ""gender_target"": ""female"", ""style"": ""teacher"", ""color"": ""navy"", ""fit"": ""slim"", ""description"": ""Navy ankle pants.""}"
89018919-e41f-44b7-a0b3-a339c59b6e72,teacher,2026-01-18T06:15:12.061021+00:00,https://mmhrgscgfycuzykqyxvh.supabase.co/storage/v1/object/sign/teacher_pants/614XRkkWpFL._AC_UX569_-246x512.jpg?token=eyJraWQiOiJzdG9yYWdlLXVybC1zaWduaW5nLWtleV80ZTIwNzU3ZS1lZjRiLTQ1YzUtYTgxMy1kOGM5MmRmOTlkMWIiLCJhbGciOiJIUzI1NiJ9.eyJ1cmwiOiJ0ZWFjaGVyX3BhbnRzLzYxNFhSa2tXcEZMLl9BQ19VWDU2OV8tMjQ2eDUxMi5qcGciLCJpYXQiOjE3Njg3MDI1NjUsImV4cCI6MzMzMDQ3MDI1NjV9.8bOQbNQhpTWq8WVHoInNNR0atO21C_DqDGe4F0_wgdI,614XRkkWpFL._AC_UX569_-246x512.jpg,"{""type"": ""pants"", ""gender_target"": ""female"", ""style"": ""teacher"", ""color"": ""grey"", ""pattern"": ""plaid"", ""description"": ""Grey plaid trousers.""}"
148928c9-a5ab-4e2f-96c4-a0c0bcafe37c,teacher,2026-01-18T06:15:12.061021+00:00,https://mmhrgscgfycuzykqyxvh.supabase.co/storage/v1/object/sign/teacher_pants/61pNZ3PcvZL._AC_UX569_-195x512.jpg?token=eyJraWQiOiJzdG9yYWdlLXVybC1zaWduaW5nLWtleV80ZTIwNzU3ZS1lZjRiLTQ1YzUtYTgxMy1kOGM5MmRmOTlkMWIiLCJhbGciOiJIUzI1NiJ9.eyJ1cmwiOiJ0ZWFjaGVyX3BhbnRzLzYxcE5aM1BjdlpMLl9BQ19VWDU2OV8tMTk1eDUxMi5qcGciLCJpYXQiOjE3Njg3MDI1NzIsImV4cCI6MzMzMDQ3MDI1NzJ9.gPS8sMK1MLLV4wLWXmM9DPFaqGxvbl7OC56KCCftSSI,61pNZ3PcvZL._AC_UX569_-195x512.jpg,"{""type"": ""pants"", ""gender_target"": ""female"", ""style"": ""teacher"", ""color"": ""khaki"", ""fit"": ""regular"", ""description"": ""Khaki work pants.""}"
51cdc862-1687-4378-a333-6b3674fd6872,teacher,2026-01-18T06:15:12.061021+00:00,https://mmhrgscgfycuzykqyxvh.supabase.co/storage/v1/object/sign/teacher_pants/blue-gray-wide-leg-pants.webp?token=eyJraWQiOiJzdG9yYWdlLXVybC1zaWduaW5nLWtleV80ZTIwNzU3ZS1lZjRiLTQ1YzUtYTgxMy1kOGM5MmRmOTlkMWIiLCJhbGciOiJIUzI1NiJ9.eyJ1cmwiOiJ0ZWFjaGVyX3BhbnRzL2JsdWUtZ3JheS13aWRlLWxlZy1wYW50cy53ZWJwIiwiaWF0IjoxNzY4NzAyNTc5LCJleHAiOjMzMzA0NzAyNTc5fQ.I12Dmzj24ZXjpOthkKwm1ReCRyrqJmbdfatIsixljfw,blue-gray-wide-leg-pants.webp,"{""type"": ""pants"", ""gender_target"": ""female"", ""style"": ""teacher"", ""color"": ""blue-grey"", ""fit"": ""wide"", ""description"": ""Blue-grey wide leg pants.""}"
57243127-e415-47f5-acdb-b2c046d2f413,teacher,2026-01-18T06:15:12.061021+00:00,https://mmhrgscgfycuzykqyxvh.supabase.co/storage/v1/object/sign/teacher_pants/Dickies_P874EXT_Khaki_-_37_Unhemmed_Front_High_1000x.webp?token=eyJraWQiOiJzdG9yYWdlLXVybC1zaWduaW5nLWtleV80ZTIwNzU3ZS1lZjRiLTQ1YzUtYTgxMy1kOGM5MmRmOTlkMWIiLCJhbGciOiJIUzI1NiJ9.eyJ1cmwiOiJ0ZWFjaGVyX3BhbnRzL0RpY2tpZXNfUDg3NEVYVF9LaGFraV8tXzM3X1VuaGVtbWVkX0Zyb250X0hpZ2hfMTAwMHgud2VicCIsImlhdCI6MTc2ODcwMjU4NSwiZXhwIjoxODU1MTAyNTg1fQ.9FlV7mBUSAFOAiso3ZL8fHKkhushl_hIbYAAqdB1ymQ,Dickies_P874EXT_Khaki_-_37_Unhemmed_Front_High_1000x.webp,"{""type"": ""pants"", ""gender_target"": ""male"", ""style"": ""teacher"", ""color"": ""khaki"", ""fit"": ""regular"", ""description"": ""Dickies 874 khaki pants.""}"
7bb19afd-8694-49f8-8174-d5b68c75f2b7,teacher,2026-01-18T06:15:12.061021+00:00,https://mmhrgscgfycuzykqyxvh.supabase.co/storage/v1/object/sign/teacher_pants/images1.jpg?token=eyJraWQiOiJzdG9yYWdlLXVybC1zaWduaW5nLWtleV80ZTIwNzU3ZS1lZjRiLTQ1YzUtYTgxMy1kOGM5MmRmOTlkMWIiLCJhbGciOiJIUzI1NiJ9.eyJ1cmwiOiJ0ZWFjaGVyX3BhbnRzL2ltYWdlczEuanBnIiwiaWF0IjoxNzY4NzAyNTkzLCJleHAiOjMzMzA0NzAyNTkzfQ.PBqPHaH8OcwePNhCAyNisylgLjTwVyn0j72lsJPsAzw,images1.jpg,"{""type"": ""pants"", ""gender_target"": ""male"", ""style"": ""teacher"", ""color"": ""navy"", ""fit"": ""regular"", ""description"": ""Navy work trousers.""}"
ddfb3e7d-db5e-487e-9189-606962b2ea1a,teacher,2026-01-18T06:15:12.061021+00:00,https://mmhrgscgfycuzykqyxvh.supabase.co/storage/v1/object/sign/teacher_pants/pP3978bitter_chocolate.webp?token=eyJraWQiOiJzdG9yYWdlLXVybC1zaWduaW5nLWtleV80ZTIwNzU3ZS1lZjRiLTQ1YzUtYTgxMy1kOGM5MmRmOTlkMWIiLCJhbGciOiJIUzI1NiJ9.eyJ1cmwiOiJ0ZWFjaGVyX3BhbnRzL3BQMzk3OGJpdHRlcl9jaG9jb2xhdGUud2VicCIsImlhdCI6MTc2ODcwMjYwMCwiZXhwIjozMzMwNDcwMjYwMH0.34fVHvKDrOK2aVU5MFY7-n3TPyuDCBa2v5SnsndXIFI,pP3978bitter_chocolate.webp,"{""type"": ""pants"", ""gender_target"": ""male"", ""style"": ""teacher"", ""color"": ""chocolate"", ""fit"": ""regular"", ""description"": ""Bitter chocolate dress pants.""}"
447e3372-254a-4ce6-9c65-a4390304ae26,teacher,2026-01-18T06:15:12.061021+00:00,https://mmhrgscgfycuzykqyxvh.supabase.co/storage/v1/object/sign/teacher_pants/slim-mens.webp?token=eyJraWQiOiJzdG9yYWdlLXVybC1zaWduaW5nLWtleV80ZTIwNzU3ZS1lZjRiLTQ1YzUtYTgxMy1kOGM5MmRmOTlkMWIiLCJhbGciOiJIUzI1NiJ9.eyJ1cmwiOiJ0ZWFjaGVyX3BhbnRzL3NsaW0tbWVucy53ZWJwIiwiaWF0IjoxNzY4NzAyNjA3LCJleHAiOjMzMzA0NzAyNjA3fQ.wUpegetTxrx0qO0tjilHQ4s5V7bPnrQOd7WHi0NKC7A,slim-mens.webp,"{""type"": ""pants"", ""gender_target"": ""male"", ""style"": ""teacher"", ""color"": ""black"", ""fit"": ""slim"", ""description"": ""Slim black trousers.""}"
afeeccf3-d65b-49f2-97a4-ea09b7817f02,rapper,2026-01-18T06:15:12.061021+00:00,https://mmhrgscgfycuzykqyxvh.supabase.co/storage/v1/object/sign/rapper_pants/530a2e74-12dd-4fbe-8fe6-5f42e3420f3f.webp?token=eyJraWQiOiJzdG9yYWdlLXVybC1zaWduaW5nLWtleV80ZTIwNzU3ZS1lZjRiLTQ1YzUtYTgxMy1kOGM5MmRmOTlkMWIiLCJhbGciOiJIUzI1NiJ9.eyJ1cmwiOiJyYXBwZXJfcGFudHMvNTMwYTJlNzQtMTJkZC00ZmJlLThmZTYtNWY0MmUzNDIwZjNmLndlYnAiLCJpYXQiOjE3Njg3MDI3MzMsImV4cCI6MzMzMDQ3MDI3MzN9.s-mIH2NtLqf0UiYBWu28E2nNXJmxee_gU9GKzFCT_Wc,530a2e74-12dd-4fbe-8fe6-5f42e3420f3f.webp,"{""type"": ""jeans"", ""gender_target"": ""male"", ""style"": ""rapper"", ""color"": ""blue"", ""fit"": ""baggy"", ""description"": ""Baggy blue denim jeans.""}"
aa203d10-feea-4595-928a-99d004118aa6,rapper,2026-01-18T06:15:12.061021+00:00,"https://mmhrgscgfycuzykqyxvh.supabase.co/storage/v1/object/sign/rapper_pants/616zSFTBLVS._AC_UF894,1000_QL80_.jpg?token=eyJraWQiOiJzdG9yYWdlLXVybC1zaWduaW5nLWtleV80ZTIwNzU3ZS1lZjRiLTQ1YzUtYTgxMy1kOGM5MmRmOTlkMWIiLCJhbGciOiJIUzI1NiJ9.eyJ1cmwiOiJyYXBwZXJfcGFudHMvNjE2elNGVEJMVlMuX0FDX1VGODk0LDEwMDBfUUw4MF8uanBnIiwiaWF0IjoxNzY4NzAyNzQyLCJleHAiOjMzMzA0NzAyNzQyfQ.3do7_w3iZyd6ZW6kQeE6_ci4mJf8VXT3GAaGnBg-Owg","616zSFTBLVS._AC_UF894,1000_QL80_.jpg","{""type"": ""jeans"", ""gender_target"": ""male"", ""style"": ""rapper"", ""color"": ""black"", ""fit"": ""skinny"", ""description"": ""Black skinny stacked jeans.""}"
dfa023ad-f974-453a-aa40-63507c3669f4,rapper,2026-01-18T06:15:12.061021+00:00,https://mmhrgscgfycuzykqyxvh.supabase.co/storage/v1/object/sign/rapper_pants/6183Mf-TQpL.jpg?token=eyJraWQiOiJzdG9yYWdlLXVybC1zaWduaW5nLWtleV80ZTIwNzU3ZS1lZjRiLTQ1YzUtYTgxMy1kOGM5MmRmOTlkMWIiLCJhbGciOiJIUzI1NiJ9.eyJ1cmwiOiJyYXBwZXJfcGFudHMvNjE4M01mLVRRcEwuanBnIiwiaWF0IjoxNzY4NzAyNzUwLCJleHAiOjMzMzA0NzAyNzUwfQ.fIjwnigE-AxlwCD7r0TuyxI2mRwZcvH2t2VGv-_6zY0,6183Mf-TQpL.jpg,"{""type"": ""jeans"", ""gender_target"": ""male"", ""style"": ""rapper"", ""color"": ""blue"", ""details"": [""distressed""], ""description"": ""Distressed blue jeans.""}"
e56f9e80-0b56-4525-94d2-8771e3112b4b,rapper,2026-01-18T06:15:12.061021+00:00,https://mmhrgscgfycuzykqyxvh.supabase.co/storage/v1/object/sign/rapper_pants/harem-hip-hop-pants-gia-mia-g271.jpg?token=eyJraWQiOiJzdG9yYWdlLXVybC1zaWduaW5nLWtleV80ZTIwNzU3ZS1lZjRiLTQ1YzUtYTgxMy1kOGM5MmRmOTlkMWIiLCJhbGciOiJIUzI1NiJ9.eyJ1cmwiOiJyYXBwZXJfcGFudHMvaGFyZW0taGlwLWhvcC1wYW50cy1naWEtbWlhLWcyNzEuanBnIiwiaWF0IjoxNzY4NzAyNzU2LCJleHAiOjMzMzA0NzAyNzU2fQ.PLOGNJFr9PkOIkh-eL22iDYkromHoRgOnsU40tcZOL0,harem-hip-hop-pants-gia-mia-g271.jpg,"{""type"": ""pants"", ""gender_target"": ""unisex"", ""style"": ""rapper"", ""color"": ""black"", ""fit"": ""harem"", ""description"": ""Black harem drop-crotch pants.""}"
76b5b471-5d27-4fbe-9b70-9bbf7b0c5874,rapper,2026-01-18T06:15:12.061021+00:00,https://mmhrgscgfycuzykqyxvh.supabase.co/storage/v1/object/sign/rapper_pants/il_340x270.3721796463_ksk9.webp?token=eyJraWQiOiJzdG9yYWdlLXVybC1zaWduaW5nLWtleV80ZTIwNzU3ZS1lZjRiLTQ1YzUtYTgxMy1kOGM5MmRmOTlkMWIiLCJhbGciOiJIUzI1NiJ9.eyJ1cmwiOiJyYXBwZXJfcGFudHMvaWxfMzQweDI3MC4zNzIxNzk2NDYzX2tzazkud2VicCIsImlhdCI6MTc2ODcwMjc2MywiZXhwIjozMzMwNDcwMjc2M30.qqklcyM_YWolnlxSFLPCNjY3YEtnt6wDw-Lfy15xC_U,il_340x270.3721796463_ksk9.webp,"{""type"": ""jeans"", ""gender_target"": ""male"", ""style"": ""rapper"", ""color"": ""black"", ""fit"": ""baggy"", ""description"": ""Black baggy carpenter jeans.""}"
0b5c1152-0e21-4e7b-8978-3e293a0b9273,rapper,2026-01-18T06:15:12.061021+00:00,https://mmhrgscgfycuzykqyxvh.supabase.co/storage/v1/object/sign/rapper_pants/O1CN01yjEMFV29qYOOfXtfu_!!4116578119-0-cib.jpg_800x800.jpg?token=eyJraWQiOiJzdG9yYWdlLXVybC1zaWduaW5nLWtleV80ZTIwNzU3ZS1lZjRiLTQ1YzUtYTgxMy1kOGM5MmRmOTlkMWIiLCJhbGciOiJIUzI1NiJ9.eyJ1cmwiOiJyYXBwZXJfcGFudHMvTzFDTjAxeWpFTUZWMjlxWU9PZlh0ZnVfISE0MTE2NTc4MTE5LTAtY2liLmpwZ184MDB4ODAwLmpwZyIsImlhdCI6MTc2ODcwMjc3MCwiZXhwIjozMzMwNDcwMjc3MH0.XEZ8OfwNnTbQ9in6jJvFIzLWBm0wCXdnF3dupnk-EfQ,O1CN01yjEMFV29qYOOfXtfu_!!4116578119-0-cib.jpg_800x800.jpg,"{""type"": ""pants"", ""gender_target"": ""male"", ""style"": ""rapper"", ""color"": ""camo"", ""pattern"": ""camo"", ""description"": ""Camo cargo pants.""}"
4abed44d-c93b-4702-a310-30eb4287afaf,rapper,2026-01-18T06:15:12.061021+00:00,https://mmhrgscgfycuzykqyxvh.supabase.co/storage/v1/object/sign/rapper_pants/s-l1000.jpg?token=eyJraWQiOiJzdG9yYWdlLXVybC1zaWduaW5nLWtleV80ZTIwNzU3ZS1lZjRiLTQ1YzUtYTgxMy1kOGM5MmRmOTlkMWIiLCJhbGciOiJIUzI1NiJ9.eyJ1cmwiOiJyYXBwZXJfcGFudHMvcy1sMTAwMC5qcGciLCJpYXQiOjE3Njg3MDI3NzgsImV4cCI6MzMzMDQ3MDI3Nzh9.c5AJikjkZ3N40HQHYQR2VWx0WzA19U09QSuewtMO730,s-l1000.jpg,"{""type"": ""jeans"", ""gender_target"": ""male"", ""style"": ""rapper"", ""color"": ""black"", ""fit"": ""loose"", ""description"": ""Loose black denim.""}"
a92fce97-df20-416c-a3b4-a8ed5a34e7b1,rapper,2026-01-18T06:15:12.061021+00:00,https://mmhrgscgfycuzykqyxvh.supabase.co/storage/v1/object/sign/rapper_pants/s-l1200.jpg?token=eyJraWQiOiJzdG9yYWdlLXVybC1zaWduaW5nLWtleV80ZTIwNzU3ZS1lZjRiLTQ1YzUtYTgxMy1kOGM5MmRmOTlkMWIiLCJhbGciOiJIUzI1NiJ9.eyJ1cmwiOiJyYXBwZXJfcGFudHMvcy1sMTIwMC5qcGciLCJpYXQiOjE3Njg3MDI3ODQsImV4cCI6MzMzMDQ3MDI3ODR9.acy8dtuSuj7QPbQwwAx6RbNEP3X3SIBb1pNjeGiySSM,s-l1200.jpg,"{""type"": ""jeans"", ""gender_target"": ""male"", ""style"": ""rapper"", ""color"": ""blue"", ""fit"": ""relaxed"", ""description"": ""Relaxed fit blue jeans.""}"
df4eab40-8b7d-4e94-a569-ccccc4e59cc3,rapper,2026-01-18T06:15:12.061021+00:00,https://mmhrgscgfycuzykqyxvh.supabase.co/storage/v1/object/sign/rapper_pants/s-l12001.jpg?token=eyJraWQiOiJzdG9yYWdlLXVybC1zaWduaW5nLWtleV80ZTIwNzU3ZS1lZjRiLTQ1YzUtYTgxMy1kOGM5MmRmOTlkMWIiLCJhbGciOiJIUzI1NiJ9.eyJ1cmwiOiJyYXBwZXJfcGFudHMvcy1sMTIwMDEuanBnIiwiaWF0IjoxNzY4NzAyODY0LCJleHAiOjMzMzA0NzAyODY0fQ.qESjgVJe-8c04bgjrHtbVTyCpwMN6Cu02MxaGfmmDAM,s-l12001.jpg,"{""type"": ""jeans"", ""gender_target"": ""male"", ""style"": ""rapper"", ""color"": ""grey"", ""fit"": ""baggy"", ""description"": ""Grey baggy jeans.""}"
c16a6073-559c-400e-b3eb-2cea6563ee52,goth,2026-01-18T06:15:12.061021+00:00,https://mmhrgscgfycuzykqyxvh.supabase.co/storage/v1/object/sign/goth_pants/s-l12003.jpg?token=eyJraWQiOiJzdG9yYWdlLXVybC1zaWduaW5nLWtleV80ZTIwNzU3ZS1lZjRiLTQ1YzUtYTgxMy1kOGM5MmRmOTlkMWIiLCJhbGciOiJIUzI1NiJ9.eyJ1cmwiOiJnb3RoX3BhbnRzL3MtbDEyMDAzLmpwZyIsImlhdCI6MTc2ODcwNDIyOSwiZXhwIjozMzMwNDcwNDIyOX0.oWEUriBnVTin2xCyX4d6wmjEzZC-9StSGA5vZzQEwxs,s-l12003.jpg,"{""type"": ""pants"", ""gender_target"": ""unisex"", ""style"": ""goth"", ""color"": ""black"", ""details"": [""buckles""], ""description"": ""Black bondag pants with buckles.""}"
90fa9e8a-17c9-449c-bc4e-a81759b66557,preppy,2026-01-18T06:15:12.061021+00:00,https://mmhrgscgfycuzykqyxvh.supabase.co/storage/v1/object/sign/preppy_pants/1736960869-cn56040401-1-6787eb4f67376.avif?token=eyJraWQiOiJzdG9yYWdlLXVybC1zaWduaW5nLWtleV80ZTIwNzU3ZS1lZjRiLTQ1YzUtYTgxMy1kOGM5MmRmOTlkMWIiLCJhbGciOiJIUzI1NiJ9.eyJ1cmwiOiJwcmVwcHlfcGFudHMvMTczNjk2MDg2OS1jbjU2MDQwNDAxLTEtNjc4N2ViNGY2NzM3Ni5hdmlmIiwiaWF0IjoxNzY4NzAzNDA1LCJleHAiOjMzMzA0NzAzNDA1fQ.OqxPcYZKwN5N0ZHlqtW5D0vNkMxf_CREMaePttLaQA0,1736960869-cn56040401-1-6787eb4f67376.avif,"{""type"": ""pants"", ""gender_target"": ""female"", ""style"": ""preppy"", ""color"": ""plaid"", ""pattern"": ""plaid"", ""description"": ""Preppy plaid trousers.""}"
117f071d-90a1-4db2-86d1-d126462c5744,preppy,2026-01-18T06:15:12.061021+00:00,https://mmhrgscgfycuzykqyxvh.supabase.co/storage/v1/object/sign/preppy_pants/3284688_3.webp?token=eyJraWQiOiJzdG9yYWdlLXVybC1zaWduaW5nLWtleV80ZTIwNzU3ZS1lZjRiLTQ1YzUtYTgxMy1kOGM5MmRmOTlkMWIiLCJhbGciOiJIUzI1NiJ9.eyJ1cmwiOiJwcmVwcHlfcGFudHMvMzI4NDY4OF8zLndlYnAiLCJpYXQiOjE3Njg3MDM0NjUsImV4cCI6MzMzMDQ3MDM0NjV9.HJKrjqkcA1K_dLZL0S7-CJxDxOS62f5lRzkzWxe_vLQ,3284688_3.webp,"{""type"": ""pants"", ""gender_target"": ""male"", ""style"": ""preppy"", ""color"": ""khaki"", ""fit"": ""regular"", ""description"": ""Classic khaki pants.""}"
6363235c-1c81-4f72-ad1c-e611564a4fe2,preppy,2026-01-18T06:15:12.061021+00:00,https://mmhrgscgfycuzykqyxvh.supabase.co/storage/v1/object/sign/preppy_pants/4000237799-894_black_1.webp?token=eyJraWQiOiJzdG9yYWdlLXVybC1zaWduaW5nLWtleV80ZTIwNzU3ZS1lZjRiLTQ1YzUtYTgxMy1kOGM5MmRmOTlkMWIiLCJhbGciOiJIUzI1NiJ9.eyJ1cmwiOiJwcmVwcHlfcGFudHMvNDAwMDIzNzc5OS04OTRfYmxhY2tfMS53ZWJwIiwiaWF0IjoxNzY4NzAzNDc3LCJleHAiOjMzMzA0NzAzNDc3fQ.BoJYEfJqEIOCYe11DdnuVk2Ha7nvPrhTCr5hvnRJhmk,4000237799-894_black_1.webp,"{""type"": ""pants"", ""gender_target"": ""male"", ""style"": ""preppy"", ""color"": ""black"", ""fit"": ""slim"", ""description"": ""Black chino pants.""}"
def3ee2f-0144-4858-bb97-ae3793cdeb8d,preppy,2026-01-18T06:15:12.061021+00:00,https://mmhrgscgfycuzykqyxvh.supabase.co/storage/v1/object/sign/preppy_pants/4000357606-894_navy_1.webp?token=eyJraWQiOiJzdG9yYWdlLXVybC1zaWduaW5nLWtleV80ZTIwNzU3ZS1lZjRiLTQ1YzUtYTgxMy1kOGM5MmRmOTlkMWIiLCJhbGciOiJIUzI1NiJ9.eyJ1cmwiOiJwcmVwcHlfcGFudHMvNDAwMDM1NzYwNi04OTRfbmF2eV8xLndlYnAiLCJpYXQiOjE3Njg3MDM0OTEsImV4cCI6MzMzMDQ3MDM0OTF9.tT9zJ-xofFLzTHLhpoaLYGqASVHmYQHK4MevBvTwKMo,4000357606-894_navy_1.webp,"{""type"": ""pants"", ""gender_target"": ""male"", ""style"": ""preppy"", ""color"": ""navy"", ""fit"": ""regular"", ""description"": ""Navy chinos.""}"
5700cc3c-6148-453f-88b4-251c51c92d8d,preppy,2026-01-18T06:15:12.061021+00:00,https://mmhrgscgfycuzykqyxvh.supabase.co/storage/v1/object/sign/preppy_pants/Banana-Republic-Women-s-Ponte-Pants-Black-12_a45b2462-eb56-4713-bc43-73e46e725dae.d554f4f9483a915b316196c4ae93f925.avif?token=eyJraWQiOiJzdG9yYWdlLXVybC1zaWduaW5nLWtleV80ZTIwNzU3ZS1lZjRiLTQ1YzUtYTgxMy1kOGM5MmRmOTlkMWIiLCJhbGciOiJIUzI1NiJ9.eyJ1cmwiOiJwcmVwcHlfcGFudHMvQmFuYW5hLVJlcHVibGljLVdvbWVuLXMtUG9udGUtUGFudHMtQmxhY2stMTJfYTQ1YjI0NjItZWI1Ni00NzEzLWJjNDMtNzNlNDZlNzI1ZGFlLmQ1NTRmNGY5NDgzYTkxNWIzMTYxOTZjNGFlOTNmOTI1LmF2aWYiLCJpYXQiOjE3Njg3MDM1MjIsImV4cCI6MzMzMDQ3MDM1MjJ9.0Bk0oZ5RrFYFgqCZtOnUX-GQIBlZIuORlfdGSxADtps,Banana-Republic-Women-s-Ponte-Pants-Black-12_a45b2462-eb56-4713-bc43-73e46e725dae.d554f4f9483a915b316196c4ae93f925.avif,"{""type"": ""pants"", ""gender_target"": ""female"", ""style"": ""preppy"", ""color"": ""black"", ""fit"": ""ponte"", ""description"": ""Black ponte pants.""}"
d93b9411-f9e7-4c3c-9599-36ed3f86a9cd,preppy,2026-01-18T06:15:12.061021+00:00,https://mmhrgscgfycuzykqyxvh.supabase.co/storage/v1/object/sign/preppy_pants/be5524a1-a1b0-43bc-a102-6fe80acbf035.c4aadd42b8e37b2bdd75f5a989748638.webp?token=eyJraWQiOiJzdG9yYWdlLXVybC1zaWduaW5nLWtleV80ZTIwNzU3ZS1lZjRiLTQ1YzUtYTgxMy1kOGM5MmRmOTlkMWIiLCJhbGciOiJIUzI1NiJ9.eyJ1cmwiOiJwcmVwcHlfcGFudHMvYmU1NTI0YTEtYTFiMC00M2JjLWExMDItNmZlODBhY2JmMDM1LmM0YWFkZDQyYjhlMzdiMmJkZDc1ZjVhOTg5NzQ4NjM4LndlYnAiLCJpYXQiOjE3Njg3MDM1MzEsImV4cCI6MzMzMDQ3MDM1MzF9.6ETSZI_t5tdNbdlaQFU50HLgJgnC8Bonrey3E4qKvTk,be5524a1-a1b0-43bc-a102-6fe80acbf035.c4aadd42b8e37b2bdd75f5a989748638.webp,"{""type"": ""pants"", ""gender_target"": ""male"", ""style"": ""preppy"", ""color"": ""beige"", ""fit"": ""regular"", ""description"": ""Beige dress slacks.""}"
a5502d50-b88a-4846-b74d-b81378b6574c,preppy,2026-01-18T06:15:12.061021+00:00,https://mmhrgscgfycuzykqyxvh.supabase.co/storage/v1/object/sign/preppy_pants/cn57219201.avif?token=eyJraWQiOiJzdG9yYWdlLXVybC1zaWduaW5nLWtleV80ZTIwNzU3ZS1lZjRiLTQ1YzUtYTgxMy1kOGM5MmRmOTlkMWIiLCJhbGciOiJIUzI1NiJ9.eyJ1cmwiOiJwcmVwcHlfcGFudHMvY241NzIxOTIwMS5hdmlmIiwiaWF0IjoxNzY4NzAzNTQ5LCJleHAiOjMzMzA0NzAzNTQ5fQ.rSsSii6nQvt9BC3GWvR8wcKeuC0vEKb4MzqbcIYOhtQ,cn57219201.avif,"{""type"": ""pants"", ""gender_target"": ""female"", ""style"": ""preppy"", ""color"": ""pink"", ""fit"": ""regular"", ""description"": ""Pink preppy pants.""}"
28154e2c-fabd-4264-b190-76a74ba21c16,preppy,2026-01-18T06:15:12.061021+00:00,https://mmhrgscgfycuzykqyxvh.supabase.co/storage/v1/object/sign/preppy_pants/cn5731959.webp?token=eyJraWQiOiJzdG9yYWdlLXVybC1zaWduaW5nLWtleV80ZTIwNzU3ZS1lZjRiLTQ1YzUtYTgxMy1kOGM5MmRmOTlkMWIiLCJhbGciOiJIUzI1NiJ9.eyJ1cmwiOiJwcmVwcHlfcGFudHMvY241NzMxOTU5LndlYnAiLCJpYXQiOjE3Njg3MDM1NjYsImV4cCI6MzMzMDQ3MDM1NjZ9.DAv9f3V9mcINY5X2Nn5U38D2d5FzRAXjFKchXpOqKOQ,cn5731959.webp,"{""type"": ""pants"", ""gender_target"": ""male"", ""style"": ""preppy"", ""color"": ""green"", ""fit"": ""regular"", ""description"": ""Green chinos.""}"
d5440d61-19d4-45a4-8bbb-bb988a0cb977,preppy,2026-01-18T06:15:12.061021+00:00,https://mmhrgscgfycuzykqyxvh.supabase.co/storage/v1/object/sign/preppy_pants/cn57519548.webp?token=eyJraWQiOiJzdG9yYWdlLXVybC1zaWduaW5nLWtleV80ZTIwNzU3ZS1lZjRiLTQ1YzUtYTgxMy1kOGM5MmRmOTlkMWIiLCJhbGciOiJIUzI1NiJ9.eyJ1cmwiOiJwcmVwcHlfcGFudHMvY241NzUxOTU0OC53ZWJwIiwiaWF0IjoxNzY4NzAzNTgwLCJleHAiOjMzMzA0NzAzNTgwfQ.Ev3W6Es0nhFpEamldZ5foeLxYJ8EzjV0sFaiR3Rildw,cn57519548.webp,"{""type"": ""pants"", ""gender_target"": ""male"", ""style"": ""preppy"", ""color"": ""red"", ""fit"": ""regular"", ""description"": ""Nantucket red pants.""}"
248d9bfb-856f-4619-a769-ad0d196dbaa3,preppy,2026-01-18T06:15:12.061021+00:00,https://mmhrgscgfycuzykqyxvh.supabase.co/storage/v1/object/sign/preppy_pants/cn60640670.webp?token=eyJraWQiOiJzdG9yYWdlLXVybC1zaWduaW5nLWtleV80ZTIwNzU3ZS1lZjRiLTQ1YzUtYTgxMy1kOGM5MmRmOTlkMWIiLCJhbGciOiJIUzI1NiJ9.eyJ1cmwiOiJwcmVwcHlfcGFudHMvY242MDY0MDY3MC53ZWJwIiwiaWF0IjoxNzY4NzAzNTkxLCJleHAiOjMzMzA0NzAzNTkxfQ.F5VhDeT1ry8w4dWE0_mqeJCbjOuSt-at0tz7HBFlThA,cn60640670.webp,"{""type"": ""pants"", ""gender_target"": ""male"", ""style"": ""preppy"", ""color"": ""blue"", ""fit"": ""regular"", ""description"": ""Light blue chinos.""}"
68a096c8-ffd9-484b-afdc-b862c08a1cd0,preppy,2026-01-18T06:15:12.061021+00:00,https://mmhrgscgfycuzykqyxvh.supabase.co/storage/v1/object/sign/preppy_pants/images.jpg?token=eyJraWQiOiJzdG9yYWdlLXVybC1zaWduaW5nLWtleV80ZTIwNzU3ZS1lZjRiLTQ1YzUtYTgxMy1kOGM5MmRmOTlkMWIiLCJhbGciOiJIUzI1NiJ9.eyJ1cmwiOiJwcmVwcHlfcGFudHMvaW1hZ2VzLmpwZyIsImlhdCI6MTc2ODcwMzYwMCwiZXhwIjozMzMwNDcwMzYwMH0.-HL2yUIzMFHeZX958tfrbmPz1yaGThWbojLDw16PUok,images.jpg,"{""type"": ""pants"", ""gender_target"": ""male"", ""style"": ""preppy"", ""color"": ""white"", ""fit"": ""regular"", ""description"": ""White summer pants.""}"
32a4a3ab-dfa6-4df1-9f64-33596bf4a994,preppy,2026-01-18T06:15:12.061021+00:00,https://mmhrgscgfycuzykqyxvh.supabase.co/storage/v1/object/sign/preppy_pants/images1.jpg?token=eyJraWQiOiJzdG9yYWdlLXVybC1zaWduaW5nLWtleV80ZTIwNzU3ZS1lZjRiLTQ1YzUtYTgxMy1kOGM5MmRmOTlkMWIiLCJhbGciOiJIUzI1NiJ9.eyJ1cmwiOiJwcmVwcHlfcGFudHMvaW1hZ2VzMS5qcGciLCJpYXQiOjE3Njg3MDM2MTQsImV4cCI6MzMzMDQ3MDM2MTR9.H-23ZcQ5k6A9UFBQLZ_QPpKmYSxn7gQjga-i_aPmJwI,images1.jpg,"{""type"": ""pants"", ""gender_target"": ""male"", ""style"": ""preppy"", ""color"": ""grey"", ""fit"": ""regular"", ""description"": ""Grey tailored pants.""}"
244eb514-b47f-48b0-a365-95633ce5e195,preppy,2026-01-18T06:15:12.061021+00:00,https://mmhrgscgfycuzykqyxvh.supabase.co/storage/v1/object/sign/preppy_pants/m_68fcf562ed788de2f91ff8d5.jpg?token=eyJraWQiOiJzdG9yYWdlLXVybC1zaWduaW5nLWtleV80ZTIwNzU3ZS1lZjRiLTQ1YzUtYTgxMy1kOGM5MmRmOTlkMWIiLCJhbGciOiJIUzI1NiJ9.eyJ1cmwiOiJwcmVwcHlfcGFudHMvbV82OGZjZjU2MmVkNzg4ZGUyZjkxZmY4ZDUuanBnIiwiaWF0IjoxNzY4NzAzNjI0LCJleHAiOjMzMzA0NzAzNjI0fQ.52txKDIRwlgh6kf4MNzpOvu6U_Homm2G77i_3Bt0rc8,m_68fcf562ed788de2f91ff8d5.jpg,"{""type"": ""pants"", ""gender_target"": ""male"", ""style"": ""preppy"", ""color"": ""brown"", ""fit"": ""corduroy"", ""description"": ""Brown corduroy pants.""}"
702d0a10-0e7e-4682-bb2b-086fe70b11f4,preppy,2026-01-18T06:15:12.061021+00:00,https://mmhrgscgfycuzykqyxvh.supabase.co/storage/v1/object/sign/preppy_pants/Photo2021-10-05_112759AM.webp?token=eyJraWQiOiJzdG9yYWdlLXVybC1zaWduaW5nLWtleV80ZTIwNzU3ZS1lZjRiLTQ1YzUtYTgxMy1kOGM5MmRmOTlkMWIiLCJhbGciOiJIUzI1NiJ9.eyJ1cmwiOiJwcmVwcHlfcGFudHMvUGhvdG8yMDIxLTEwLTA1XzExMjc1OUFNLndlYnAiLCJpYXQiOjE3Njg3MDM2MzUsImV4cCI6MzMzMDQ3MDM2MzV9.Nub1942r08Y5Yv8UvxchTb-xM0zFgxuQ0h9vfHBfqwY,Photo2021-10-05_112759AM.webp,"{""type"": ""skirt"", ""gender_target"": ""female"", ""style"": ""preppy"", ""color"": ""plaid"", ""pattern"": ""plaid"", ""description"": ""Plaid pleated skirt.""}"
c6ca180b-8469-4885-af1d-e100545223cc,pinterest-girly,2026-01-18T06:15:12.061021+00:00,https://mmhrgscgfycuzykqyxvh.supabase.co/storage/v1/object/sign/pinterest_girly_pants/001_Blue_423ff041-9030-488e-bb6f-cbda2741f39b.webp?token=eyJraWQiOiJzdG9yYWdlLXVybC1zaWduaW5nLWtleV80ZTIwNzU3ZS1lZjRiLTQ1YzUtYTgxMy1kOGM5MmRmOTlkMWIiLCJhbGciOiJIUzI1NiJ9.eyJ1cmwiOiJwaW50ZXJlc3RfZ2lybHlfcGFudHMvMDAxX0JsdWVfNDIzZmYwNDEtOTAzMC00ODhlLWJiNmYtY2JkYTI3NDFmMzliLndlYnAiLCJpYXQiOjE3Njg3MDM4MjEsImV4cCI6MzMzMDQ3MDM4MjF9.PakV_-2uEPB8UrrD4eag17Dw9ZXPQE3ZES9EyKxEfGc,001_Blue_423ff041-9030-488e-bb6f-cbda2741f39b.webp,"{""type"": ""jeans"", ""gender_target"": ""female"", ""style"": ""pinterest-girly"", ""color"": ""blue"", ""fit"": ""mom"", ""description"": ""Blue mom jeans.""}"
92476bca-0d70-47fb-a634-8c14606c7a95,pinterest-girly,2026-01-18T06:15:12.061021+00:00,https://mmhrgscgfycuzykqyxvh.supabase.co/storage/v1/object/sign/pinterest_girly_pants/001_dark_20blue_299ca1cb-4601-4656-aa40-85d773a16c86.webp?token=eyJraWQiOiJzdG9yYWdlLXVybC1zaWduaW5nLWtleV80ZTIwNzU3ZS1lZjRiLTQ1YzUtYTgxMy1kOGM5MmRmOTlkMWIiLCJhbGciOiJIUzI1NiJ9.eyJ1cmwiOiJwaW50ZXJlc3RfZ2lybHlfcGFudHMvMDAxX2RhcmtfMjBibHVlXzI5OWNhMWNiLTQ2MDEtNDY1Ni1hYTQwLTg1ZDc3M2ExNmM4Ni53ZWJwIiwiaWF0IjoxNzY4NzAzODYzLCJleHAiOjMzMzA0NzAzODYzfQ.Eiv3f0SlKzZ1B-9KKe09BwpHQUClWjqRqVi32VkAI-U,001_dark_20blue_299ca1cb-4601-4656-aa40-85d773a16c86.webp,"{""type"": ""jeans"", ""gender_target"": ""female"", ""style"": ""pinterest-girly"", ""color"": ""dark blue"", ""fit"": ""straight"", ""description"": ""Dark blue straight leg jeans.""}"
23fc48ae-a406-46c7-b8df-2d0cf43ba1c0,pinterest-girly,2026-01-18T06:15:12.061021+00:00,https://mmhrgscgfycuzykqyxvh.supabase.co/storage/v1/object/sign/pinterest_girly_pants/2546106f34bbe19d9a94e7d30fc38faec1bee98e.avif?token=eyJraWQiOiJzdG9yYWdlLXVybC1zaWduaW5nLWtleV80ZTIwNzU3ZS1lZjRiLTQ1YzUtYTgxMy1kOGM5MmRmOTlkMWIiLCJhbGciOiJIUzI1NiJ9.eyJ1cmwiOiJwaW50ZXJlc3RfZ2lybHlfcGFudHMvMjU0NjEwNmYzNGJiZTE5ZDlhOTRlN2QzMGZjMzhmYWVjMWJlZTk4ZS5hdmlmIiwiaWF0IjoxNzY4NzAzODgzLCJleHAiOjMzMzA0NzAzODgzfQ.F8yTESb8H6Fr62UyZmubHPUmJMP-Bk7ihwkJlxHEp68,2546106f34bbe19d9a94e7d30fc38faec1bee98e.avif,"{""type"": ""pants"", ""gender_target"": ""female"", ""style"": ""pinterest-girly"", ""color"": ""beige"", ""fit"": ""wide"", ""description"": ""Beige wide leg trousers.""}"
fbac9381-7072-48dc-a7f4-34f2660173d2,pinterest-girly,2026-01-18T06:15:12.061021+00:00,https://mmhrgscgfycuzykqyxvh.supabase.co/storage/v1/object/sign/pinterest_girly_pants/7189IR25-fL._AC_UY1000_.jpg?token=eyJraWQiOiJzdG9yYWdlLXVybC1zaWduaW5nLWtleV80ZTIwNzU3ZS1lZjRiLTQ1YzUtYTgxMy1kOGM5MmRmOTlkMWIiLCJhbGciOiJIUzI1NiJ9.eyJ1cmwiOiJwaW50ZXJlc3RfZ2lybHlfcGFudHMvNzE4OUlSMjUtZkwuX0FDX1VZMTAwMF8uanBnIiwiaWF0IjoxNzY4NzAzODkzLCJleHAiOjMzMzA0NzAzODkzfQ.GTYQmZ_toGOT7KKWJ8nZXuCEHReiZbqKZgWasWu4dTQ,7189IR25-fL._AC_UY1000_.jpg,"{""type"": ""pants"", ""gender_target"": ""female"", ""style"": ""pinterest-girly"", ""color"": ""white"", ""fit"": ""linen"", ""description"": ""White linen pants.""}"
adbbcb30-cf03-4f4b-b42d-ae2e148cdde8,pinterest-girly,2026-01-18T06:15:12.061021+00:00,https://mmhrgscgfycuzykqyxvh.supabase.co/storage/v1/object/sign/pinterest_girly_pants/84084367_047_b.webp?token=eyJraWQiOiJzdG9yYWdlLXVybC1zaWduaW5nLWtleV80ZTIwNzU3ZS1lZjRiLTQ1YzUtYTgxMy1kOGM5MmRmOTlkMWIiLCJhbGciOiJIUzI1NiJ9.eyJ1cmwiOiJwaW50ZXJlc3RfZ2lybHlfcGFudHMvODQwODQzNjdfMDQ3X2Iud2VicCIsImlhdCI6MTc2ODcwMzkwMywiZXhwIjozMzMwNDcwMzkwM30.GeEIduBDe63ZzGi1FYbwlDHFWo3sQiwIvkqjdvGhiEE,84084367_047_b.webp,"{""type"": ""jeans"", ""gender_target"": ""female"", ""style"": ""pinterest-girly"", ""color"": ""black"", ""fit"": ""straight"", ""description"": ""Black straight leg jeans.""}"
64769a9d-0e78-4bdd-9b47-a4068bf2f572,pinterest-girly,2026-01-18T06:15:12.061021+00:00,https://mmhrgscgfycuzykqyxvh.supabase.co/storage/v1/object/sign/pinterest_girly_pants/A06925_09I29_01_F.jpg?token=eyJraWQiOiJzdG9yYWdlLXVybC1zaWduaW5nLWtleV80ZTIwNzU3ZS1lZjRiLTQ1YzUtYTgxMy1kOGM5MmRmOTlkMWIiLCJhbGciOiJIUzI1NiJ9.eyJ1cmwiOiJwaW50ZXJlc3RfZ2lybHlfcGFudHMvQTA2OTI1XzA5STI5XzAxX0YuanBnIiwiaWF0IjoxNzY4NzAzOTEyLCJleHAiOjMzMzA0NzAzOTEyfQ.OHHJvbxdnTTx8wQ1K2oAW3q26FuvT5mraldqscPkW64,A06925_09I29_01_F.jpg,"{""type"": ""jeans"", ""gender_target"": ""female"", ""style"": ""pinterest-girly"", ""color"": ""light blue"", ""fit"": ""baggy"", ""description"": ""Light wash baggy jeans.""}"
8e95a845-279e-4da0-880a-3d037fb371c7,pinterest-girly,2026-01-18T06:15:12.061021+00:00,https://mmhrgscgfycuzykqyxvh.supabase.co/storage/v1/object/sign/pinterest_girly_pants/f01f8b8f_c0c4.jpg?token=eyJraWQiOiJzdG9yYWdlLXVybC1zaWduaW5nLWtleV80ZTIwNzU3ZS1lZjRiLTQ1YzUtYTgxMy1kOGM5MmRmOTlkMWIiLCJhbGciOiJIUzI1NiJ9.eyJ1cmwiOiJwaW50ZXJlc3RfZ2lybHlfcGFudHMvZjAxZjhiOGZfYzBjNC5qcGciLCJpYXQiOjE3Njg3MDM5MjIsImV4cCI6MzMzMDQ3MDM5MjJ9.-u4hCrx-JkUZgq-rfOGDmL55yjCLm5l8d_b9d3pTRzk,f01f8b8f_c0c4.jpg,"{""type"": ""pants"", ""gender_target"": ""female"", ""style"": ""pinterest-girly"", ""color"": ""brown"", ""fit"": ""corduroy"", ""description"": ""Brown corduroy trousers.""}"
d97ef602-b740-4abd-b8f6-983609ae6ada,pinterest-girly,2026-01-18T06:15:12.061021+00:00,https://mmhrgscgfycuzykqyxvh.supabase.co/storage/v1/object/sign/pinterest_girly_pants/images4.jpg?token=eyJraWQiOiJzdG9yYWdlLXVybC1zaWduaW5nLWtleV80ZTIwNzU3ZS1lZjRiLTQ1YzUtYTgxMy1kOGM5MmRmOTlkMWIiLCJhbGciOiJIUzI1NiJ9.eyJ1cmwiOiJwaW50ZXJlc3RfZ2lybHlfcGFudHMvaW1hZ2VzNC5qcGciLCJpYXQiOjE3Njg3MDM5MzMsImV4cCI6MzMzMDQ3MDM5MzN9.nRPlvl3PBZdMWRbvfzKcSkhZBH2t9Dacq_lEem_HyRU,images4.jpg,"{""type"": ""pants"", ""gender_target"": ""female"", ""style"": ""pinterest-girly"", ""color"": ""green"", ""fit"": ""cargo"", ""description"": ""Green cargo pants.""}"
ba88c7f8-f9ac-4519-9819-83e408f43315,pinterest-girly,2026-01-18T06:15:12.061021+00:00,https://mmhrgscgfycuzykqyxvh.supabase.co/storage/v1/object/sign/pinterest_girly_pants/JEANS_BAGGYJEANRELIK_085_2000x.jpg?token=eyJraWQiOiJzdG9yYWdlLXVybC1zaWduaW5nLWtleV80ZTIwNzU3ZS1lZjRiLTQ1YzUtYTgxMy1kOGM5MmRmOTlkMWIiLCJhbGciOiJIUzI1NiJ9.eyJ1cmwiOiJwaW50ZXJlc3RfZ2lybHlfcGFudHMvSkVBTlNfQkFHR1lKRUFOUkVMSUtfMDg1XzIwMDB4LmpwZyIsImlhdCI6MTc2ODcwMzk0MiwiZXhwIjozMzMwNDcwMzk0Mn0._vdYbvsjo8VIbICzXjh8TZKnEMkS6TnqVGciGMKnl-k,JEANS_BAGGYJEANRELIK_085_2000x.jpg,"{""type"": ""jeans"", ""gender_target"": ""female"", ""style"": ""pinterest-girly"", ""color"": ""blue"", ""fit"": ""baggy"", ""description"": ""Baggy Relik jeans.""}"
7579859c-f951-42dc-b7e4-d690877a0e83,pinterest-girly,2026-01-18T06:15:12.061021+00:00,https://mmhrgscgfycuzykqyxvh.supabase.co/storage/v1/object/sign/pinterest_girly_pants/s-l12002.png?token=eyJraWQiOiJzdG9yYWdlLXVybC1zaWduaW5nLWtleV80ZTIwNzU3ZS1lZjRiLTQ1YzUtYTgxMy1kOGM5MmRmOTlkMWIiLCJhbGciOiJIUzI1NiJ9.eyJ1cmwiOiJwaW50ZXJlc3RfZ2lybHlfcGFudHMvcy1sMTIwMDIucG5nIiwiaWF0IjoxNzY4NzAzOTU0LCJleHAiOjMzMzA0NzAzOTU0fQ.8o1LxFdk5ypIv63X2I_5EODh7Mi29-DmTdTvP8MfP4o,s-l12002.png,"{""type"": ""jeans"", ""gender_target"": ""female"", ""style"": ""pinterest-girly"", ""color"": ""blue"", ""fit"": ""flare"", ""description"": ""Blue flare jeans.""}"
47378632-06ff-4993-8efb-6eeb39423cd4,goth,2026-01-18T06:15:12.061021+00:00,https://mmhrgscgfycuzykqyxvh.supabase.co/storage/v1/object/sign/goth_pants/51ciB0qDigL._AC_UY1000_.jpg?token=eyJraWQiOiJzdG9yYWdlLXVybC1zaWduaW5nLWtleV80ZTIwNzU3ZS1lZjRiLTQ1YzUtYTgxMy1kOGM5MmRmOTlkMWIiLCJhbGciOiJIUzI1NiJ9.eyJ1cmwiOiJnb3RoX3BhbnRzLzUxY2lCMHFEaWdMLl9BQ19VWTEwMDBfLmpwZyIsImlhdCI6MTc2ODcwNDEzMiwiZXhwIjozMzMwNDcwNDEzMn0.w8bFWgHZygsEXkapaitRxu9kmUpCYj4CXoEhLrL9VnQ,51ciB0qDigL._AC_UY1000_.jpg,"{""type"": ""pants"", ""gender_target"": ""unisex"", ""style"": ""goth"", ""color"": ""black"", ""details"": [""zips""], ""description"": ""Black zipper pants.""}"
5823e1e1-739d-475c-8b69-051dae35fdf0,goth,2026-01-18T06:15:12.061021+00:00,https://mmhrgscgfycuzykqyxvh.supabase.co/storage/v1/object/sign/goth_pants/71Dj3G3+YmL._AC_UY1000_.jpg?token=eyJraWQiOiJzdG9yYWdlLXVybC1zaWduaW5nLWtleV80ZTIwNzU3ZS1lZjRiLTQ1YzUtYTgxMy1kOGM5MmRmOTlkMWIiLCJhbGciOiJIUzI1NiJ9.eyJ1cmwiOiJnb3RoX3BhbnRzLzcxRGozRzMrWW1MLl9BQ19VWTEwMDBfLmpwZyIsImlhdCI6MTc2ODcwNDE1MSwiZXhwIjozMzMwNDcwNDE1MX0.vQhyuuasAVYTQVlZxqcS2J-SMkdH_-4etq-fZkjKm_I,71Dj3G3+YmL._AC_UY1000_.jpg,"{""type"": ""pants"", ""gender_target"": ""unisex"", ""style"": ""goth"", ""color"": ""black"", ""pattern"": ""plaid"", ""description"": ""Black and red plaid punk pants.""}"
e76d4929-7ceb-4c47-b8eb-9efe68c61914,goth,2026-01-18T06:15:12.061021+00:00,https://mmhrgscgfycuzykqyxvh.supabase.co/storage/v1/object/sign/goth_pants/94ba841e-29ad-44e4-9719-61d404035435.afd6d5025ca23338eda0881d8699e206.webp?token=eyJraWQiOiJzdG9yYWdlLXVybC1zaWduaW5nLWtleV80ZTIwNzU3ZS1lZjRiLTQ1YzUtYTgxMy1kOGM5MmRmOTlkMWIiLCJhbGciOiJIUzI1NiJ9.eyJ1cmwiOiJnb3RoX3BhbnRzLzk0YmE4NDFlLTI5YWQtNDRlNC05NzE5LTYxZDQwNDAzNTQzNS5hZmQ2ZDUwMjVjYTIzMzM4ZWRhMDg4MWQ4Njk5ZTIwNi53ZWJwIiwiaWF0IjoxNzY4NzA0MTYxLCJleHAiOjMzMzA0NzA0MTYxfQ.JonfbrZE4IcgHcDQHOOMMKXMD81fk2MWht3ros0Y6YM,94ba841e-29ad-44e4-9719-61d404035435.afd6d5025ca23338eda0881d8699e206.webp,"{""type"": ""pants"", ""gender_target"": ""female"", ""style"": ""goth"", ""color"": ""black"", ""fit"": ""lace-up"", ""description"": ""Lace-up gothic pants.""}"
b6310a58-209d-4250-9548-d356cdab4a32,goth,2026-01-18T06:15:12.061021+00:00,https://mmhrgscgfycuzykqyxvh.supabase.co/storage/v1/object/sign/goth_pants/goth-cargo-pants-canada.webp?token=eyJraWQiOiJzdG9yYWdlLXVybC1zaWduaW5nLWtleV80ZTIwNzU3ZS1lZjRiLTQ1YzUtYTgxMy1kOGM5MmRmOTlkMWIiLCJhbGciOiJIUzI1NiJ9.eyJ1cmwiOiJnb3RoX3BhbnRzL2dvdGgtY2FyZ28tcGFudHMtY2FuYWRhLndlYnAiLCJpYXQiOjE3Njg3MDQxNzEsImV4cCI6MzMzMDQ3MDQxNzF9.iourRQc1BDO2D0Rb_774slTkDK-CvOJqI4xTpm6vwuI,goth-cargo-pants-canada.webp,"{""type"": ""pants"", ""gender_target"": ""unisex"", ""style"": ""goth"", ""color"": ""black"", ""fit"": ""cargo"", ""description"": ""Goth cargo pants.""}"
c7600484-65c3-49aa-9d0d-f0496ee72f73,goth,2026-01-18T06:15:12.061021+00:00,https://mmhrgscgfycuzykqyxvh.supabase.co/storage/v1/object/sign/goth_pants/il_fullxfull.4601008158_amcg.avif?token=eyJraWQiOiJzdG9yYWdlLXVybC1zaWduaW5nLWtleV80ZTIwNzU3ZS1lZjRiLTQ1YzUtYTgxMy1kOGM5MmRmOTlkMWIiLCJhbGciOiJIUzI1NiJ9.eyJ1cmwiOiJnb3RoX3BhbnRzL2lsX2Z1bGx4ZnVsbC40NjAxMDA4MTU4X2FtY2cuYXZpZiIsImlhdCI6MTc2ODcwNDE4MiwiZXhwIjozMzMwNDcwNDE4Mn0.q2XeJJAeA1awaEvXODslcbV5oyiugSAHfsl8jE_Ygjw,il_fullxfull.4601008158_amcg.avif,"{""type"": ""skirt"", ""gender_target"": ""female"", ""style"": ""goth"", ""color"": ""black"", ""details"": [""pleated""], ""description"": ""Black pleated goth skirt.""}"
8a930e7b-2431-462e-af52-7fcad66b3237,goth,2026-01-18T06:15:12.061021+00:00,https://mmhrgscgfycuzykqyxvh.supabase.co/storage/v1/object/sign/goth_pants/mens-punk-goth-pants.webp?token=eyJraWQiOiJzdG9yYWdlLXVybC1zaWduaW5nLWtleV80ZTIwNzU3ZS1lZjRiLTQ1YzUtYTgxMy1kOGM5MmRmOTlkMWIiLCJhbGciOiJIUzI1NiJ9.eyJ1cmwiOiJnb3RoX3BhbnRzL21lbnMtcHVuay1nb3RoLXBhbnRzLndlYnAiLCJpYXQiOjE3Njg3MDQxOTMsImV4cCI6MzMzMDQ3MDQxOTN9.qFznTcVpQD1hooQRWMiLE_-Ltxobg_ZiR6ry5DfcaCY,mens-punk-goth-pants.webp,"{""type"": ""pants"", ""gender_target"": ""male"", ""style"": ""goth"", ""color"": ""black"", ""details"": [""straps""], ""description"": ""Mens punk goth strap pants.""}"
9520f536-485f-4a68-b868-fc5308c8ccbf,goth,2026-01-18T06:15:12.061021+00:00,https://mmhrgscgfycuzykqyxvh.supabase.co/storage/v1/object/sign/goth_pants/s-l12001.jpg?token=eyJraWQiOiJzdG9yYWdlLXVybC1zaWduaW5nLWtleV80ZTIwNzU3ZS1lZjRiLTQ1YzUtYTgxMy1kOGM5MmRmOTlkMWIiLCJhbGciOiJIUzI1NiJ9.eyJ1cmwiOiJnb3RoX3BhbnRzL3MtbDEyMDAxLmpwZyIsImlhdCI6MTc2ODcwNDIwOSwiZXhwIjozMzMwNDcwNDIwOX0.MSD7L5HuRX2uUaXxqjpWHySDUFyYZaHMxNCs8RzogJk,s-l12001.jpg,"{""type"": ""jeans"", ""gender_target"": ""male"", ""style"": ""goth"", ""color"": ""black"", ""fit"": ""skinny"", ""description"": ""Black skinny goth jeans.""}"
7bda7006-a105-4f6f-a598-d5cb3589e995,goth,2026-01-18T06:15:12.061021+00:00,https://mmhrgscgfycuzykqyxvh.supabase.co/storage/v1/object/sign/goth_pants/s-l12002.jpg?token=eyJraWQiOiJzdG9yYWdlLXVybC1zaWduaW5nLWtleV80ZTIwNzU3ZS1lZjRiLTQ1YzUtYTgxMy1kOGM5MmRmOTlkMWIiLCJhbGciOiJIUzI1NiJ9.eyJ1cmwiOiJnb3RoX3BhbnRzL3MtbDEyMDAyLmpwZyIsImlhdCI6MTc2ODcwNDIxOSwiZXhwIjozMzMwNDcwNDIxOX0.GS-gOqx_PaRT5z9zikbtjNoRZAOa5Vz35wjwdYtwa-M,s-l12002.jpg,"{""type"": ""pants"", ""gender_target"": ""unisex"", ""style"": ""goth"", ""color"": ""black"", ""fit"": ""wide"", ""description"": ""Wide leg goth trousers.""}"
4b89e8e1-83c7-4441-9f49-0a1d617d0f8f,goth,2026-01-18T06:15:12.061021+00:00,https://mmhrgscgfycuzykqyxvh.supabase.co/storage/v1/object/sign/goth_pants/super-baggy-pants.webp?token=eyJraWQiOiJzdG9yYWdlLXVybC1zaWduaW5nLWtleV80ZTIwNzU3ZS1lZjRiLTQ1YzUtYTgxMy1kOGM5MmRmOTlkMWIiLCJhbGciOiJIUzI1NiJ9.eyJ1cmwiOiJnb3RoX3BhbnRzL3N1cGVyLWJhZ2d5LXBhbnRzLndlYnAiLCJpYXQiOjE3Njg3MDQyNDAsImV4cCI6MzMzMDQ3MDQyNDB9.Expj_kr3-ra13GbRI1SoC5KULOeZkbDhcfxolmAzzJk,super-baggy-pants.webp,"{""type"": ""pants"", ""gender_target"": ""unisex"", ""style"": ""goth"", ""color"": ""black"", ""fit"": ""super-baggy"", ""description"": ""Super baggy goth pants.""}"
6385482d-e535-4917-964c-1b1e0f4ffa3e,business-formal,2026-01-18T06:15:12.061021+00:00,https://mmhrgscgfycuzykqyxvh.supabase.co/storage/v1/object/sign/business_formal_pants/05de13c9-abb3-4e7f-975b-1dd51333b7d4.2dd5f9e9f99569512899e686de29541f.webp?token=eyJraWQiOiJzdG9yYWdlLXVybC1zaWduaW5nLWtleV80ZTIwNzU3ZS1lZjRiLTQ1YzUtYTgxMy1kOGM5MmRmOTlkMWIiLCJhbGciOiJIUzI1NiJ9.eyJ1cmwiOiJidXNpbmVzc19mb3JtYWxfcGFudHMvMDVkZTEzYzktYWJiMy00ZTdmLTk3NWItMWRkNTEzMzNiN2Q0LjJkZDVmOWU5Zjk5NTY5NTEyODk5ZTY4NmRlMjk1NDFmLndlYnAiLCJpYXQiOjE3Njg3MDQ4NzAsImV4cCI6MzMzMDQ3MDQ4NzB9.-Ug814yNvLtYVQh7z-i2MdM4AW_fQRmpB-95cgFVYnc,05de13c9-abb3-4e7f-975b-1dd51333b7d4.2dd5f9e9f99569512899e686de29541f.webp,"{""type"": ""pants"", ""gender_target"": ""male"", ""style"": ""business-formal"", ""color"": ""black"", ""fit"": ""slim"", ""description"": ""Slim black dress trousers.""}"
72feef4e-84c5-4b11-88a5-3402e42bf7a0,business-formal,2026-01-18T06:15:12.061021+00:00,https://mmhrgscgfycuzykqyxvh.supabase.co/storage/v1/object/sign/business_formal_pants/15a8920c-5ccc-46bf-8d0e-b7aa4acb9007.faf64c4a8a2878f6cd38cfa5d051a2e5.webp?token=eyJraWQiOiJzdG9yYWdlLXVybC1zaWduaW5nLWtleV80ZTIwNzU3ZS1lZjRiLTQ1YzUtYTgxMy1kOGM5MmRmOTlkMWIiLCJhbGciOiJIUzI1NiJ9.eyJ1cmwiOiJidXNpbmVzc19mb3JtYWxfcGFudHMvMTVhODkyMGMtNWNjYy00NmJmLThkMGUtYjdhYTRhY2I5MDA3LmZhZjY0YzRhOGEyODc4ZjZjZDM4Y2ZhNWQwNTFhMmU1LndlYnAiLCJpYXQiOjE3Njg3MDQ4NzcsImV4cCI6MzMzMDQ3MDQ4Nzd9.AL9QCDfucEJUb_RsDzWEfatt9sbUmwG5hKoScGrkcFY,15a8920c-5ccc-46bf-8d0e-b7aa4acb9007.faf64c4a8a2878f6cd38cfa5d051a2e5.webp,"{""type"": ""pants"", ""gender_target"": ""male"", ""style"": ""business-formal"", ""color"": ""navy"", ""fit"": ""regular"", ""description"": ""Navy formal trousers.""}"
24832ec4-f6b5-4530-83a4-43df1eca6d06,business-formal,2026-01-18T06:15:12.061021+00:00,https://mmhrgscgfycuzykqyxvh.supabase.co/storage/v1/object/sign/business_formal_pants/51nWkjtM-qL._AC_UY1000_.jpg?token=eyJraWQiOiJzdG9yYWdlLXVybC1zaWduaW5nLWtleV80ZTIwNzU3ZS1lZjRiLTQ1YzUtYTgxMy1kOGM5MmRmOTlkMWIiLCJhbGciOiJIUzI1NiJ9.eyJ1cmwiOiJidXNpbmVzc19mb3JtYWxfcGFudHMvNTFuV2tqdE0tcUwuX0FDX1VZMTAwMF8uanBnIiwiaWF0IjoxNzY4NzA0ODg1LCJleHAiOjMzMzA0NzA0ODg1fQ.z7ODEDei8dBHPXs4uhyAetvSGA3q6jRu2XvaPecFv0Y,51nWkjtM-qL._AC_UY1000_.jpg,"{""type"": ""pants"", ""gender_target"": ""male"", ""style"": ""business-formal"", ""color"": ""grey"", ""fit"": ""regular"", ""description"": ""Grey dress pants.""}"
e8548b72-5ccd-4877-b4a8-2b044ac11fbf,business-formal,2026-01-18T06:15:12.061021+00:00,https://mmhrgscgfycuzykqyxvh.supabase.co/storage/v1/object/sign/business_formal_pants/61IQH4UKNIL._AC_UY1000_.jpg?token=eyJraWQiOiJzdG9yYWdlLXVybC1zaWduaW5nLWtleV80ZTIwNzU3ZS1lZjRiLTQ1YzUtYTgxMy1kOGM5MmRmOTlkMWIiLCJhbGciOiJIUzI1NiJ9.eyJ1cmwiOiJidXNpbmVzc19mb3JtYWxfcGFudHMvNjFJUUg0VUtOSUwuX0FDX1VZMTAwMF8uanBnIiwiaWF0IjoxNzY4NzA0ODkxLCJleHAiOjMzMzA0NzA0ODkxfQ.lofErS58LzgACrOIV9g42kJDX2EtFYchHgc4ULjiTk8,61IQH4UKNIL._AC_UY1000_.jpg,"{""type"": ""pants"", ""gender_target"": ""male"", ""style"": ""business-formal"", ""color"": ""charcoal"", ""fit"": ""slim"", ""description"": ""Charcoal slim fit trousers.""}"
44fb0347-7c1d-4e78-8b21-3341d566ca12,business-formal,2026-01-18T06:15:12.061021+00:00,https://mmhrgscgfycuzykqyxvh.supabase.co/storage/v1/object/sign/business_formal_pants/61R6lzGJQTL._AC_UY1000_.jpg?token=eyJraWQiOiJzdG9yYWdlLXVybC1zaWduaW5nLWtleV80ZTIwNzU3ZS1lZjRiLTQ1YzUtYTgxMy1kOGM5MmRmOTlkMWIiLCJhbGciOiJIUzI1NiJ9.eyJ1cmwiOiJidXNpbmVzc19mb3JtYWxfcGFudHMvNjFSNmx6R0pRVEwuX0FDX1VZMTAwMF8uanBnIiwiaWF0IjoxNzY4NzA0ODk5LCJleHAiOjMzMzA0NzA0ODk5fQ.EP23wtsgJy_XpYs2O6JBKfXlFETFs3tvTqQPT6AhUfM,61R6lzGJQTL._AC_UY1000_.jpg,"{""type"": ""pants"", ""gender_target"": ""male"", ""style"": ""business-formal"", ""color"": ""black"", ""pattern"": ""pinstripe"", ""description"": ""Black pinstripe trousers.""}"
97666b1e-3206-4f58-bc08-44809ab96002,business-formal,2026-01-18T06:15:12.061021+00:00,https://mmhrgscgfycuzykqyxvh.supabase.co/storage/v1/object/sign/business_formal_pants/American-Tall-Women-StraightLeg-DressPant-Black-side.webp?token=eyJraWQiOiJzdG9yYWdlLXVybC1zaWduaW5nLWtleV80ZTIwNzU3ZS1lZjRiLTQ1YzUtYTgxMy1kOGM5MmRmOTlkMWIiLCJhbGciOiJIUzI1NiJ9.eyJ1cmwiOiJidXNpbmVzc19mb3JtYWxfcGFudHMvQW1lcmljYW4tVGFsbC1Xb21lbi1TdHJhaWdodExlZy1EcmVzc1BhbnQtQmxhY2stc2lkZS53ZWJwIiwiaWF0IjoxNzY4NzA0OTA4LCJleHAiOjMzMzA0NzA0OTA4fQ.ClD0t4wgEOny_uOvzBz8hjyXjQWFC7SzaeRlUgf5n1g,American-Tall-Women-StraightLeg-DressPant-Black-side.webp,"{""type"": ""pants"", ""gender_target"": ""female"", ""style"": ""business-formal"", ""color"": ""black"", ""fit"": ""straight"", ""description"": ""Womens black straight leg dress pants.""}"
1ec856f4-0c5d-4c6f-a540-a4a1a938d125,business-formal,2026-01-18T06:15:12.061021+00:00,https://mmhrgscgfycuzykqyxvh.supabase.co/storage/v1/object/sign/business_formal_pants/BEST-MENS-WORK-PANTS-2048px-SUITSUPPLY-WIDE-LEF-STRAIGHT-477.webp?token=eyJraWQiOiJzdG9yYWdlLXVybC1zaWduaW5nLWtleV80ZTIwNzU3ZS1lZjRiLTQ1YzUtYTgxMy1kOGM5MmRmOTlkMWIiLCJhbGciOiJIUzI1NiJ9.eyJ1cmwiOiJidXNpbmVzc19mb3JtYWxfcGFudHMvQkVTVC1NRU5TLVdPUkstUEFOVFMtMjA0OHB4LVNVSVRTVVBQTFktV0lERS1MRUYtU1RSQUlHSFQtNDc3LndlYnAiLCJpYXQiOjE3Njg3MDQ5MTYsImV4cCI6MzMzMDQ3MDQ5MTZ9.aI1xAbzcEB1IW-omF-SARuY6TxniTsNKQaMIs7sc21o,BEST-MENS-WORK-PANTS-2048px-SUITSUPPLY-WIDE-LEF-STRAIGHT-477.webp,"{""type"": ""pants"", ""gender_target"": ""male"", ""style"": ""business-formal"", ""color"": ""blue"", ""fit"": ""wide"", ""description"": ""Wide leg dress pants.""}"
4e20752a-233b-4b31-b068-5d484cfff03c,business-formal,2026-01-18T06:15:12.061021+00:00,https://mmhrgscgfycuzykqyxvh.supabase.co/storage/v1/object/sign/business_formal_pants/e0653cc9-4901-416b-ade1-666487982617.eb2a9f803146e59e35f9651b9bf1449e.webp?token=eyJraWQiOiJzdG9yYWdlLXVybC1zaWduaW5nLWtleV80ZTIwNzU3ZS1lZjRiLTQ1YzUtYTgxMy1kOGM5MmRmOTlkMWIiLCJhbGciOiJIUzI1NiJ9.eyJ1cmwiOiJidXNpbmVzc19mb3JtYWxfcGFudHMvZTA2NTNjYzktNDkwMS00MTZiLWFkZTEtNjY2NDg3OTgyNjE3LmViMmE5ZjgwMzE0NmU1OWUzNWY5NjUxYjliZjE0NDllLndlYnAiLCJpYXQiOjE3Njg3MDQ5MjMsImV4cCI6MzMzMDQ3MDQ5MjN9.np1YUBiOLReqHqpXLfJtdwMYZhG5g1nfpwVXVVWypAE,e0653cc9-4901-416b-ade1-666487982617.eb2a9f803146e59e35f9651b9bf1449e.webp,"{""type"": ""pants"", ""gender_target"": ""male"", ""style"": ""business-formal"", ""color"": ""tan"", ""fit"": ""regular"", ""description"": ""Tan formal trousers.""}"
ab4a8ffe-95d5-4b1f-aae5-854eec6bb5ad,business-formal,2026-01-18T06:15:12.061021+00:00,https://mmhrgscgfycuzykqyxvh.supabase.co/storage/v1/object/sign/business_formal_pants/f742d38c-7fee-4fb5-af1a-6f5a16328c70.b53524efc2856f355995b9ee2504d05d.webp?token=eyJraWQiOiJzdG9yYWdlLXVybC1zaWduaW5nLWtleV80ZTIwNzU3ZS1lZjRiLTQ1YzUtYTgxMy1kOGM5MmRmOTlkMWIiLCJhbGciOiJIUzI1NiJ9.eyJ1cmwiOiJidXNpbmVzc19mb3JtYWxfcGFudHMvZjc0MmQzOGMtN2ZlZS00ZmI1LWFmMWEtNmY1YTE2MzI4YzcwLmI1MzUyNGVmYzI4NTZmMzU1OTk1YjllZTI1MDRkMDVkLndlYnAiLCJpYXQiOjE3Njg3MDQ5MzAsImV4cCI6MzMzMDQ3MDQ5MzB9.uy0iyDOR5AJlsupqL5si8n1qOagykM5IAA7NnQubaGw,f742d38c-7fee-4fb5-af1a-6f5a16328c70.b53524efc2856f355995b9ee2504d05d.webp,"{""type"": ""pants"", ""gender_target"": ""male"", ""style"": ""business-formal"", ""color"": ""grey"", ""pattern"": ""check"", ""description"": ""Grey check suit pants.""}"
3db1379e-4c8c-4a9c-904b-aee3a5e3fa4e,business-formal,2026-01-18T06:15:12.061021+00:00,https://mmhrgscgfycuzykqyxvh.supabase.co/storage/v1/object/sign/business_formal_pants/hbna50545580_440_360.jpg?token=eyJraWQiOiJzdG9yYWdlLXVybC1zaWduaW5nLWtleV80ZTIwNzU3ZS1lZjRiLTQ1YzUtYTgxMy1kOGM5MmRmOTlkMWIiLCJhbGciOiJIUzI1NiJ9.eyJ1cmwiOiJidXNpbmVzc19mb3JtYWxfcGFudHMvaGJuYTUwNTQ1NTgwXzQ0MF8zNjAuanBnIiwiaWF0IjoxNzY4NzA0OTM4LCJleHAiOjMzMzA0NzA0OTM4fQ.pTafm1NfhSGht13wzO865MwWOzWKFp5bcj_4vaNVvsE,hbna50545580_440_360.jpg,"{""type"": ""pants"", ""gender_target"": ""male"", ""style"": ""business-formal"", ""color"": ""brown"", ""fit"": ""regular"", ""description"": ""Brown formal slacks.""}"
e2fe422d-3a67-46f7-828e-e695ed9a03ec,baggy,2026-01-18T06:15:12.061021+00:00,https://mmhrgscgfycuzykqyxvh.supabase.co/storage/v1/object/sign/baggy_pants/001_Blue_423ff041-9030-488e-bb6f-cbda2741f39b.webp?token=eyJraWQiOiJzdG9yYWdlLXVybC1zaWduaW5nLWtleV80ZTIwNzU3ZS1lZjRiLTQ1YzUtYTgxMy1kOGM5MmRmOTlkMWIiLCJhbGciOiJIUzI1NiJ9.eyJ1cmwiOiJiYWdneV9wYW50cy8wMDFfQmx1ZV80MjNmZjA0MS05MDMwLTQ4OGUtYmI2Zi1jYmRhMjc0MWYzOWIud2VicCIsImlhdCI6MTc2ODcwNTE5MywiZXhwIjozMzMwNDcwNTE5M30.cNNffiqOQXydw5hLqTXuQ_1ZOaMNdlfjsoHNIDGrR1U,001_Blue_423ff041-9030-488e-bb6f-cbda2741f39b.webp,"{""type"": ""jeans"", ""gender_target"": ""unisex"", ""style"": ""baggy"", ""color"": ""blue"", ""fit"": ""baggy"", ""description"": ""Baggy blue jeans.""}"
436e43a1-1644-40bf-91c4-b589006d5bc5,baggy,2026-01-18T06:15:12.061021+00:00,https://mmhrgscgfycuzykqyxvh.supabase.co/storage/v1/object/sign/baggy_pants/001_dark_20blue_299ca1cb-4601-4656-aa40-85d773a16c86.webp?token=eyJraWQiOiJzdG9yYWdlLXVybC1zaWduaW5nLWtleV80ZTIwNzU3ZS1lZjRiLTQ1YzUtYTgxMy1kOGM5MmRmOTlkMWIiLCJhbGciOiJIUzI1NiJ9.eyJ1cmwiOiJiYWdneV9wYW50cy8wMDFfZGFya18yMGJsdWVfMjk5Y2ExY2ItNDYwMS00NjU2LWFhNDAtODVkNzczYTE2Yzg2LndlYnAiLCJpYXQiOjE3Njg3MDUyMDIsImV4cCI6MzMzMDQ3MDUyMDJ9.QiLUAmTlrO4Ycz0Rs18vk0nV2QKnnTbsxG8tyz0BJvA,001_dark_20blue_299ca1cb-4601-4656-aa40-85d773a16c86.webp,"{""type"": ""jeans"", ""gender_target"": ""unisex"", ""style"": ""baggy"", ""color"": ""dark blue"", ""fit"": ""loose"", ""description"": ""Dark wash loose jeans.""}"
c993011b-f4a6-4b9e-800d-8aa816cdd172,baggy,2026-01-18T06:15:12.061021+00:00,https://mmhrgscgfycuzykqyxvh.supabase.co/storage/v1/object/sign/baggy_pants/05354352800-p.webp?token=eyJraWQiOiJzdG9yYWdlLXVybC1zaWduaW5nLWtleV80ZTIwNzU3ZS1lZjRiLTQ1YzUtYTgxMy1kOGM5MmRmOTlkMWIiLCJhbGciOiJIUzI1NiJ9.eyJ1cmwiOiJiYWdneV9wYW50cy8wNTM1NDM1MjgwMC1wLndlYnAiLCJpYXQiOjE3Njg3MDUyMDksImV4cCI6MzMzMDQ3MDUyMDl9.qq8q3wAQ7q9edN7_sBPrpiPS7mZL9PiWM1g3cDqZHBI,05354352800-p.webp,"{""type"": ""pants"", ""gender_target"": ""unisex"", ""style"": ""baggy"", ""color"": ""black"", ""fit"": ""oversized"", ""description"": ""Oversized black trousers.""}"
ea4b54f0-de16-4f13-8d39-e1780aadb177,baggy,2026-01-18T06:15:12.061021+00:00,https://mmhrgscgfycuzykqyxvh.supabase.co/storage/v1/object/sign/baggy_pants/2546106f34bbe19d9a94e7d30fc38faec1bee98e.avif?token=eyJraWQiOiJzdG9yYWdlLXVybC1zaWduaW5nLWtleV80ZTIwNzU3ZS1lZjRiLTQ1YzUtYTgxMy1kOGM5MmRmOTlkMWIiLCJhbGciOiJIUzI1NiJ9.eyJ1cmwiOiJiYWdneV9wYW50cy8yNTQ2MTA2ZjM0YmJlMTlkOWE5NGU3ZDMwZmMzOGZhZWMxYmVlOThlLmF2aWYiLCJpYXQiOjE3Njg3MDUyMTYsImV4cCI6MzMzMDQ3MDUyMTZ9.yzHHphwuDVFZniK4EEOx-bdMC038Lpn255r16lWWy8g,2546106f34bbe19d9a94e7d30fc38faec1bee98e.avif,"{""type"": ""pants"", ""gender_target"": ""female"", ""style"": ""baggy"", ""color"": ""beige"", ""fit"": ""wide"", ""description"": ""Beige wide leg pants.""}"
5bc51b2f-a169-49ef-b95a-305bff3bff5a,baggy,2026-01-18T06:15:12.061021+00:00,https://mmhrgscgfycuzykqyxvh.supabase.co/storage/v1/object/sign/baggy_pants/336815-345DENIMPA_000_001.webp?token=eyJraWQiOiJzdG9yYWdlLXVybC1zaWduaW5nLWtleV80ZTIwNzU3ZS1lZjRiLTQ1YzUtYTgxMy1kOGM5MmRmOTlkMWIiLCJhbGciOiJIUzI1NiJ9.eyJ1cmwiOiJiYWdneV9wYW50cy8zMzY4MTUtMzQ1REVOSU1QQV8wMDBfMDAxLndlYnAiLCJpYXQiOjE3Njg3MDUyMjIsImV4cCI6MzMzMDQ3MDUyMjJ9.BsqECgseg-kF1hwtGD4Okd79goeLFvHHxiFheGYF6-A,336815-345DENIMPA_000_001.webp,"{""type"": ""jeans"", ""gender_target"": ""male"", ""style"": ""baggy"", ""color"": ""blue"", ""fit"": ""relaxed"", ""description"": ""Relaxed denim jeans.""}"
877a8642-1917-40ec-af89-268d923f84da,baggy,2026-01-18T06:15:12.061021+00:00,https://mmhrgscgfycuzykqyxvh.supabase.co/storage/v1/object/sign/baggy_pants/712AfuWpeuL._AC_UY1000_.jpg?token=eyJraWQiOiJzdG9yYWdlLXVybC1zaWduaW5nLWtleV80ZTIwNzU3ZS1lZjRiLTQ1YzUtYTgxMy1kOGM5MmRmOTlkMWIiLCJhbGciOiJIUzI1NiJ9.eyJ1cmwiOiJiYWdneV9wYW50cy83MTJBZnVXcGV1TC5fQUNfVVkxMDAwXy5qcGciLCJpYXQiOjE3Njg3MDUyMzAsImV4cCI6MzMzMDQ3MDUyMzB9.MBC9TBbdfJUk7cGrhY37YUd-_0W179E1iv6yv4v7lOk,712AfuWpeuL._AC_UY1000_.jpg,"{""type"": ""jeans"", ""gender_target"": ""unisex"", ""style"": ""baggy"", ""color"": ""light blue"", ""fit"": ""baggy"", ""description"": ""Light blue baggy jeans.""}"
e17f15e9-0229-4cbc-9e8a-6dd1b49b07d1,baggy,2026-01-18T06:15:12.061021+00:00,https://mmhrgscgfycuzykqyxvh.supabase.co/storage/v1/object/sign/baggy_pants/7189IR25-fL._AC_UY1000_.jpg?token=eyJraWQiOiJzdG9yYWdlLXVybC1zaWduaW5nLWtleV80ZTIwNzU3ZS1lZjRiLTQ1YzUtYTgxMy1kOGM5MmRmOTlkMWIiLCJhbGciOiJIUzI1NiJ9.eyJ1cmwiOiJiYWdneV9wYW50cy83MTg5SVIyNS1mTC5fQUNfVVkxMDAwXy5qcGciLCJpYXQiOjE3Njg3MDUyMzYsImV4cCI6MzMzMDQ3MDUyMzZ9.qyyHKcp2KVwaKjAwXsb9v3Hek53snt7Pq0wUT_qjv-E,7189IR25-fL._AC_UY1000_.jpg,"{""type"": ""pants"", ""gender_target"": ""unisex"", ""style"": ""baggy"", ""color"": ""black"", ""fit"": ""cargo"", ""description"": ""Black baggy cargo pants.""}"
dcf1cc98-5b64-4ecb-b647-f6716d6d764a,baggy,2026-01-18T06:15:12.061021+00:00,https://mmhrgscgfycuzykqyxvh.supabase.co/storage/v1/object/sign/baggy_pants/71XGr+J2U6L._AC_SL1500_.jpg?token=eyJraWQiOiJzdG9yYWdlLXVybC1zaWduaW5nLWtleV80ZTIwNzU3ZS1lZjRiLTQ1YzUtYTgxMy1kOGM5MmRmOTlkMWIiLCJhbGciOiJIUzI1NiJ9.eyJ1cmwiOiJiYWdneV9wYW50cy83MVhHcitKMlU2TC5fQUNfU0wxNTAwXy5qcGciLCJpYXQiOjE3Njg3MDUyNDMsImV4cCI6MzMzMDQ3MDUyNDN9.plYTOEFI09uz0m1UkU3ZXFu7qevZGsJB41rspwP2MSg,71XGr+J2U6L._AC_SL1500_.jpg,"{""type"": ""jeans"", ""gender_target"": ""unisex"", ""style"": ""baggy"", ""color"": ""black"", ""fit"": ""baggy"", ""description"": ""Black baggy denim.""}"
aa97c5c0-01d6-444c-9341-0190d9d89787,baggy,2026-01-18T06:15:12.061021+00:00,https://mmhrgscgfycuzykqyxvh.supabase.co/storage/v1/object/sign/baggy_pants/84084367_047_b.webp?token=eyJraWQiOiJzdG9yYWdlLXVybC1zaWduaW5nLWtleV80ZTIwNzU3ZS1lZjRiLTQ1YzUtYTgxMy1kOGM5MmRmOTlkMWIiLCJhbGciOiJIUzI1NiJ9.eyJ1cmwiOiJiYWdneV9wYW50cy84NDA4NDM2N18wNDdfYi53ZWJwIiwiaWF0IjoxNzY4NzA1MjUwLCJleHAiOjMzMzA0NzA1MjUwfQ.lxdNE_zdYxq2cuOeoMBNNGwXv9WWDbuHPRG87E92NZE,84084367_047_b.webp,"{""type"": ""pants"", ""gender_target"": ""unisex"", ""style"": ""baggy"", ""color"": ""brown"", ""fit"": ""baggy"", ""description"": ""Brown baggy pants.""}"
06587a98-db6b-4908-bc64-dc2a947d024c,baggy,2026-01-18T06:15:12.061021+00:00,https://mmhrgscgfycuzykqyxvh.supabase.co/storage/v1/object/sign/baggy_pants/Adam-Bomb-Baggy-Dark-Blue-Wash-Denim-Jeans-_192431-CA.webp?token=eyJraWQiOiJzdG9yYWdlLXVybC1zaWduaW5nLWtleV80ZTIwNzU3ZS1lZjRiLTQ1YzUtYTgxMy1kOGM5MmRmOTlkMWIiLCJhbGciOiJIUzI1NiJ9.eyJ1cmwiOiJiYWdneV9wYW50cy9BZGFtLUJvbWItQmFnZ3ktRGFyay1CbHVlLVdhc2gtRGVuaW0tSmVhbnMtXzE5MjQzMS1DQS53ZWJwIiwiaWF0IjoxNzY4NzA1MjY3LCJleHAiOjMzMzA0NzA1MjY3fQ.mpnZlm_0JXdNDFWPe_La7S6PWtdYEMitRw4RSA7ak0M,Adam-Bomb-Baggy-Dark-Blue-Wash-Denim-Jeans-_192431-CA.webp,"{""type"": ""jeans"", ""gender_target"": ""male"", ""style"": ""baggy"", ""color"": ""dark blue"", ""fit"": ""loose"", ""description"": ""Dark blue loose fit jeans.""}"
290919ae-af35-4589-a2c3-1aea0a8a84c0,baggy,2026-01-18T06:15:12.061021+00:00,https://mmhrgscgfycuzykqyxvh.supabase.co/storage/v1/object/sign/baggy_pants/Adam-Bomb-Prime-Blue-Baggy-Jeans-_190602-CA.webp?token=eyJraWQiOiJzdG9yYWdlLXVybC1zaWduaW5nLWtleV80ZTIwNzU3ZS1lZjRiLTQ1YzUtYTgxMy1kOGM5MmRmOTlkMWIiLCJhbGciOiJIUzI1NiJ9.eyJ1cmwiOiJiYWdneV9wYW50cy9BZGFtLUJvbWItUHJpbWUtQmx1ZS1CYWdneS1KZWFucy1fMTkwNjAyLUNBLndlYnAiLCJpYXQiOjE3Njg3MDUyNzQsImV4cCI6MzMzMDQ3MDUyNzR9.QPu9M1K5UrNDNXC2SDXKPMcEwvJh2BP_u8UMA-co4lk,Adam-Bomb-Prime-Blue-Baggy-Jeans-_190602-CA.webp,"{""type"": ""jeans"", ""gender_target"": ""male"", ""style"": ""baggy"", ""color"": ""blue"", ""fit"": ""baggy"", ""description"": ""Blue baggy jeans.""}"
8aa4d6d0-51b2-4eb5-b4f6-5d6650d9e3cb,baggy,2026-01-18T06:15:12.061021+00:00,https://mmhrgscgfycuzykqyxvh.supabase.co/storage/v1/object/sign/baggy_pants/DSC7575-Edit-Edit_grande.webp?token=eyJraWQiOiJzdG9yYWdlLXVybC1zaWduaW5nLWtleV80ZTIwNzU3ZS1lZjRiLTQ1YzUtYTgxMy1kOGM5MmRmOTlkMWIiLCJhbGciOiJIUzI1NiJ9.eyJ1cmwiOiJiYWdneV9wYW50cy9EU0M3NTc1LUVkaXQtRWRpdF9ncmFuZGUud2VicCIsImlhdCI6MTc2ODcwNTI4MiwiZXhwIjozMzMwNDcwNTI4Mn0.bG8rAjiLQJrDiHzzsIZt-vNSLbmV530GivfaG8RhG1Y,DSC7575-Edit-Edit_grande.webp,"{""type"": ""pants"", ""gender_target"": ""unisex"", ""style"": ""baggy"", ""color"": ""grey"", ""fit"": ""baggy"", ""description"": ""Grey baggy trousers.""}"
e096d8f2-3c7b-469e-a632-b0210db78792,baggy,2026-01-18T06:15:12.061021+00:00,https://mmhrgscgfycuzykqyxvh.supabase.co/storage/v1/object/sign/baggy_pants/f01f8b8f_c0c4.jpg?token=eyJraWQiOiJzdG9yYWdlLXVybC1zaWduaW5nLWtleV80ZTIwNzU3ZS1lZjRiLTQ1YzUtYTgxMy1kOGM5MmRmOTlkMWIiLCJhbGciOiJIUzI1NiJ9.eyJ1cmwiOiJiYWdneV9wYW50cy9mMDFmOGI4Zl9jMGM0LmpwZyIsImlhdCI6MTc2ODcwNTI4OSwiZXhwIjozMzMwNDcwNTI4OX0.bYDOaL3Jo07hC-3elLvWpo4tTJ_O7eAvn661YeYRHrk,f01f8b8f_c0c4.jpg,"{""type"": ""pants"", ""gender_target"": ""unisex"", ""style"": ""baggy"", ""color"": ""green"", ""fit"": ""wide"", ""description"": ""Green wide leg pants.""}"
372f9d6c-2fb7-4820-ab72-ffb024ee1af2,baggy,2026-01-18T06:15:12.061021+00:00,https://mmhrgscgfycuzykqyxvh.supabase.co/storage/v1/object/sign/baggy_pants/images4.jpg?token=eyJraWQiOiJzdG9yYWdlLXVybC1zaWduaW5nLWtleV80ZTIwNzU3ZS1lZjRiLTQ1YzUtYTgxMy1kOGM5MmRmOTlkMWIiLCJhbGciOiJIUzI1NiJ9.eyJ1cmwiOiJiYWdneV9wYW50cy9pbWFnZXM0LmpwZyIsImlhdCI6MTc2ODcwNTMwMiwiZXhwIjozMzMwNDcwNTMwMn0.45DDpWXfGrbyASeDpyDoHiJLhNVaTcSy2goZDMuIlWY,images4.jpg,"{""type"": ""jeans"", ""gender_target"": ""unisex"", ""style"": ""baggy"", ""color"": ""light blue"", ""fit"": ""baggy"", ""description"": ""Light wash baggy jeans.""}"
f08cfad5-f65a-4d9d-b69a-7ce71f472878,baggy,2026-01-18T06:15:12.061021+00:00,https://mmhrgscgfycuzykqyxvh.supabase.co/storage/v1/object/sign/baggy_pants/JEANS_BAGGYJEANRELIK_085_2000x.jpg?token=eyJraWQiOiJzdG9yYWdlLXVybC1zaWduaW5nLWtleV80ZTIwNzU3ZS1lZjRiLTQ1YzUtYTgxMy1kOGM5MmRmOTlkMWIiLCJhbGciOiJIUzI1NiJ9.eyJ1cmwiOiJiYWdneV9wYW50cy9KRUFOU19CQUdHWUpFQU5SRUxJS18wODVfMjAwMHguanBnIiwiaWF0IjoxNzY4NzA1MzE2LCJleHAiOjMzMzA0NzA1MzE2fQ.4V-WeXbncESbRpyY5OFTgpglVuTFkkDb_wosf-8DhtY,JEANS_BAGGYJEANRELIK_085_2000x.jpg,"{""type"": ""jeans"", ""gender_target"": ""unisex"", ""style"": ""baggy"", ""color"": ""blue"", ""fit"": ""oversized"", ""description"": ""Oversized denim jeans.""}"
31091464-0b78-4672-811a-db6d07123a4f,baggy,2026-01-18T06:15:12.061021+00:00,https://mmhrgscgfycuzykqyxvh.supabase.co/storage/v1/object/sign/baggy_pants/KIC_131-3206-0029-278_prod1.avif?token=eyJraWQiOiJzdG9yYWdlLXVybC1zaWduaW5nLWtleV80ZTIwNzU3ZS1lZjRiLTQ1YzUtYTgxMy1kOGM5MmRmOTlkMWIiLCJhbGciOiJIUzI1NiJ9.eyJ1cmwiOiJiYWdneV9wYW50cy9LSUNfMTMxLTMyMDYtMDAyOS0yNzhfcHJvZDEuYXZpZiIsImlhdCI6MTc2ODcwNTMyMywiZXhwIjozMzMwNDcwNTMyM30.g39AP9wrBJmb8DhRR0dw89u7JfBRlQ_ysm4Ibqp-e4o,KIC_131-3206-0029-278_prod1.avif,"{""type"": ""pants"", ""gender_target"": ""unisex"", ""style"": ""baggy"", ""color"": ""black"", ""fit"": ""jogger"", ""description"": ""Black baggy joggers.""}"
ff434a0a-33ff-4bdb-a86c-53af8e38ed60,baggy,2026-01-18T06:15:12.061021+00:00,https://mmhrgscgfycuzykqyxvh.supabase.co/storage/v1/object/sign/baggy_pants/s-l10005.jpg?token=eyJraWQiOiJzdG9yYWdlLXVybC1zaWduaW5nLWtleV80ZTIwNzU3ZS1lZjRiLTQ1YzUtYTgxMy1kOGM5MmRmOTlkMWIiLCJhbGciOiJIUzI1NiJ9.eyJ1cmwiOiJiYWdneV9wYW50cy9zLWwxMDAwNS5qcGciLCJpYXQiOjE3Njg3MDUzMzEsImV4cCI6MzMzMDQ3MDUzMzF9.NKwgr1R3kTj2RQprGv3mZlPQYPd9wGmsqKc7HXfIZWw,s-l10005.jpg,"{""type"": ""jeans"", ""gender_target"": ""unisex"", ""style"": ""baggy"", ""color"": ""blue"", ""fit"": ""baggy"", ""description"": ""Blue baggy jeans back view.""}"
ebb29e12-848a-4909-ad50-332289790ab2,baggy,2026-01-18T06:15:12.061021+00:00,https://mmhrgscgfycuzykqyxvh.supabase.co/storage/v1/object/sign/baggy_pants/s-l10008.jpg?token=eyJraWQiOiJzdG9yYWdlLXVybC1zaWduaW5nLWtleV80ZTIwNzU3ZS1lZjRiLTQ1YzUtYTgxMy1kOGM5MmRmOTlkMWIiLCJhbGciOiJIUzI1NiJ9.eyJ1cmwiOiJiYWdneV9wYW50cy9zLWwxMDAwOC5qcGciLCJpYXQiOjE3Njg3MDUzMzcsImV4cCI6MzMzMDQ3MDUzMzd9.C0VzN9XyiHqh762ymaHaJw12JnaEhqBDnTLpAuCt4eY,s-l10008.jpg,"{""type"": ""jeans"", ""gender_target"": ""unisex"", ""style"": ""baggy"", ""color"": ""black"", ""fit"": ""baggy"", ""description"": ""Black baggy jeans back view.""}"
5970b473-cebf-4481-a01d-1289303c97e5,baggy,2026-01-18T06:15:12.061021+00:00,https://mmhrgscgfycuzykqyxvh.supabase.co/storage/v1/object/sign/baggy_pants/s-l12002.png?token=eyJraWQiOiJzdG9yYWdlLXVybC1zaWduaW5nLWtleV80ZTIwNzU3ZS1lZjRiLTQ1YzUtYTgxMy1kOGM5MmRmOTlkMWIiLCJhbGciOiJIUzI1NiJ9.eyJ1cmwiOiJiYWdneV9wYW50cy9zLWwxMjAwMi5wbmciLCJpYXQiOjE3Njg3MDUzNTEsImV4cCI6MzMzMDQ3MDUzNTF9.fG2ZnWlkOmCQDZ4mw_EufRgNjr99pXdActK9vq9tiTM,s-l12002.png,"{""type"": ""jeans"", ""gender_target"": ""unisex"", ""style"": ""baggy"", ""color"": ""blue"", ""fit"": ""baggy"", ""description"": ""Blue baggy jeans.""}"
e342c798-1980-457f-b61e-cfd2856d7665,baggy,2026-01-18T06:15:12.061021+00:00,https://mmhrgscgfycuzykqyxvh.supabase.co/storage/v1/object/sign/baggy_pants/s-l12004.jpg?token=eyJraWQiOiJzdG9yYWdlLXVybC1zaWduaW5nLWtleV80ZTIwNzU3ZS1lZjRiLTQ1YzUtYTgxMy1kOGM5MmRmOTlkMWIiLCJhbGciOiJIUzI1NiJ9.eyJ1cmwiOiJiYWdneV9wYW50cy9zLWwxMjAwNC5qcGciLCJpYXQiOjE3Njg3MDUzNjIsImV4cCI6MzMzMDQ3MDUzNjJ9.IWCN-z1-JHnVyesgC1YsSn_TfBvdFwwyqwDMxEJYyno,s-l12004.jpg,"{""type"": ""jeans"", ""gender_target"": ""unisex"", ""style"": ""baggy"", ""color"": ""grey"", ""fit"": ""baggy"", ""description"": ""Grey baggy jeans.""}"
